0.000000	-590280
0.000001	-662682
0.000002	-738014
0.000003	-814230
0.000004	-889510
0.000005	-962106
0.000006	-1159872
0.000007	-5398834
0.000008	3720810
0.000009	-154920
0.000010	-7138503
0.000011	-1849272
0.000012	-3864751
0.000013	-50483
0.000014	8095448
0.000015	4975156
0.000016	-8132671
0.000017	2334919
0.000018	-7698569
0.000019	7584204
0.000020	-6112349
0.000021	7693264
0.000022	-2821525
0.000023	-4092948
0.000024	5088207
0.000025	3727060
0.000026	4622227
0.000027	-6758182
0.000028	1891941
0.000029	-4104414
0.000030	-315349
0.000031	-1048266
0.000032	-418887
0.000033	1505096
0.000034	7881587
0.000035	-8153120
0.000036	-6439957
0.000037	2763920
0.000038	-5029658
0.000039	3352834
0.000040	4925828
0.000041	3922137
0.000042	-5597703
0.000043	4007388
0.000044	-6704950
0.000045	6732993
0.000046	4624162
0.000047	4540204
0.000048	4454158
0.000049	4375614
0.000050	4309890
0.000051	4257358
0.000052	4214108
0.000053	4173388
0.000054	4126708
0.000055	4065440
0.000056	3982702
0.000057	3874872
0.000058	3742626
0.000059	3590576
0.000060	3425910
0.000061	3257244
0.000062	3093034
0.000063	2939728
0.000064	2800504
0.000065	2674584
0.000066	2557736
0.000067	2443580
0.000068	2324894
0.000069	2195006
0.000070	2049298
0.000071	1886104
0.000072	1707010
0.000073	1516142
0.000074	1319136
0.000075	1121924
0.000076	929680
0.000077	745856
0.000078	571626
0.000079	405742
0.000080	245324
0.000081	86612
0.000082	-74114
0.000083	-239814
0.000084	-412188
0.000085	-591404
0.000086	-775926
0.000087	-963106
0.000088	-1149750
0.000089	-1332802
0.000090	-1509796
0.000091	-1679090
0.000092	-1840060
0.000093	-1993352
0.000094	-2140642
0.000095	-2284232
0.000096	-2426416
0.000097	-2569078
0.000098	-2713538
0.000099	-2860238
0.000100	-3008420
0.000101	-3156086
0.000102	-3300298
0.000103	-3437876
0.000104	-3566116
0.000105	-3683110
0.000106	-3788144
0.000107	-3881950
0.000108	-3966866
0.000109	-4046510
0.000110	-4124952
0.000111	-4205512
0.000112	-4290068
0.000113	-4378666
0.000114	-4469550
0.000115	-4559064
0.000116	-4642122
0.000117	-4713216
0.000118	-4767876
0.000119	-4803676
0.000120	-4820648
0.000121	-4820958
0.000122	-4808790
0.000123	-4789666
0.000124	-4769326
0.000125	-4752378
0.000126	-4741198
0.000127	-4735518
0.000128	-4732904
0.000129	-4729084
0.000130	-4718738
0.000131	-4696608
0.000132	-4658596
0.000133	-4602822
0.000134	-4529900
0.000135	-4442424
0.000136	-4344588
0.000137	-4241554
0.000138	-4138380
0.000139	-4039058
0.000140	-3945568
0.000141	-3857716
0.000142	-3773510
0.000143	-3689442
0.000144	-3600868
0.000145	-3503070
0.000146	-3392224
0.000147	-3266178
0.000148	-3124716
0.000149	-2969462
0.000150	-2803698
0.000151	-2632004
0.000152	-2459216
0.000153	-2289424
0.000154	-2125334
0.000155	-1967822
0.000156	-1815908
0.000157	-1666980
0.000158	-1517376
0.000159	-1363366
0.000160	-1202106
0.000161	-1032186
0.000162	-854038
0.000163	-669744
0.000164	-482632
0.000165	-296462
0.000166	-114524
0.000167	61138
0.000168	230138
0.000169	393848
0.000170	554822
0.000171	716246
0.000172	881054
0.000173	1051118
0.000174	1226760
0.000175	1406582
0.000176	1587738
0.000177	1766844
0.000178	1940562
0.000179	2106364
0.000180	2263216
0.000181	2411748
0.000182	2554104
0.000183	2693400
0.000184	2832650
0.000185	2974170
0.000186	3119024
0.000187	3266518
0.000188	3414244
0.000189	3558506
0.000190	3695038
0.000191	3820014
0.000192	3930678
0.000193	4025788
0.000194	4105942
0.000195	4173564
0.000196	4232496
0.000197	4287188
0.000198	4341846
0.000199	4399756
0.000200	4462752
0.000201	4530954
0.000202	4602540
0.000203	4673804
0.000204	4739956
0.000205	4795950
0.000206	4837282
0.000207	4860770
0.000208	4865008
0.000209	4850860
0.000210	4821740
0.000211	4782850
0.000212	4740246
0.000213	4699822
0.000214	4666194
0.000215	4641806
0.000216	4626286
0.000217	4616122
0.000218	4605468
0.000219	4587184
0.000220	4554044
0.000221	4500150
0.000222	4422256
0.000223	4320442
0.000224	4198256
0.000225	4061794
0.000226	3918614
0.000227	3776540
0.000228	3642182
0.000229	3519492
0.000230	3409158
0.000231	3308690
0.000232	3213396
0.000233	3117380
0.000234	3014480
0.000235	2899532
0.000236	2769532
0.000237	2624010
0.000238	2464760
0.000239	2294970
0.000240	2118470
0.000241	1939142
0.000242	1760026
0.000243	1582700
0.000244	1407312
0.000245	1233002
0.000246	1058562
0.000247	882918
0.000248	705462
0.000249	526494
0.000250	347262
0.000251	169558
0.000252	-4886
0.000253	-174948
0.000254	-340410
0.000255	-502164
0.000256	-662194
0.000257	-823108
0.000258	-987560
0.000259	-1157500
0.000260	-1333546
0.000261	-1514822
0.000262	-1698866
0.000263	-1881944
0.000264	-2059922
0.000265	-2228958
0.000266	-2386272
0.000267	-2530908
0.000268	-2663826
0.000269	-2787822
0.000270	-2907122
0.000271	-3026296
0.000272	-3149392
0.000273	-3279130
0.000274	-3416076
0.000275	-3558548
0.000276	-3702852
0.000277	-3843738
0.000278	-3975508
0.000279	-4093014
0.000280	-4192614
0.000281	-4273006
0.000282	-4335388
0.000283	-4383128
0.000284	-4421214
0.000285	-4455242
0.000286	-4490410
0.000287	-4530522
0.000288	-4577226
0.000289	-4629694
0.000290	-4684996
0.000291	-4738768
0.000292	-4786098
0.000293	-4822482
0.000294	-4844622
0.000295	-4850968
0.000296	-4842216
0.000297	-4820928
0.000298	-4790728
0.000299	-4755418
0.000300	-4718062
0.000301	-4680482
0.000302	-4643042
0.000303	-4604154
0.000304	-4560716
0.000305	-4509058
0.000306	-4445938
0.000307	-4369406
0.000308	-4279066
0.000309	-4175988
0.000310	-4062978
0.000311	-3944036
0.000312	-3823324
0.000313	-3704222
0.000314	-3588626
0.000315	-3476804
0.000316	-3367670
0.000317	-3258812
0.000318	-3147008
0.000319	-3029190
0.000320	-2903078
0.000321	-2767564
0.000322	-2622796
0.000323	-2469852
0.000324	-2310488
0.000325	-2146798
0.000326	-1980504
0.000327	-1812638
0.000328	-1643530
0.000329	-1472896
0.000330	-1300158
0.000331	-1124768
0.000332	-946378
0.000333	-765230
0.000334	-582336
0.000335	-399218
0.000336	-217566
0.000337	-38876
0.000338	135856
0.000339	306218
0.000340	472540
0.000341	636018
0.000342	798376
0.000343	961426
0.000344	1126618
0.000345	1294760
0.000346	1465948
0.000347	1639470
0.000348	1813796
0.000349	1986858
0.000350	2156392
0.000351	2320420
0.000352	2477472
0.000353	2626728
0.000354	2768306
0.000355	2903200
0.000356	3033028
0.000357	3159778
0.000358	3285392
0.000359	3411560
0.000360	3539372
0.000361	3668624
0.000362	3797756
0.000363	3924176
0.000364	4044584
0.000365	4155368
0.000366	4253040
0.000367	4334920
0.000368	4400176
0.000369	4450084
0.000370	4487636
0.000371	4517028
0.000372	4543118
0.000373	4570630
0.000374	4603200
0.000375	4642316
0.000376	4687074
0.000377	4734574
0.000378	4780604
0.000379	4820352
0.000380	4849270
0.000381	4863994
0.000382	4863092
0.000383	4846992
0.000384	4817582
0.000385	4777538
0.000386	4729652
0.000387	4676336
0.000388	4619076
0.000389	4558200
0.000390	4493354
0.000391	4423904
0.000392	4349348
0.000393	4269740
0.000394	4185644
0.000395	4098096
0.000396	4008270
0.000397	3916794
0.000398	3823428
0.000399	3726964
0.000400	3625072
0.000401	3514824
0.000402	3393348
0.000403	3258586
0.000404	3109982
0.000405	2948720
0.000406	2777726
0.000407	2601620
0.000408	2425850
0.000409	2255594
0.000410	2094768
0.000411	1945274
0.000412	1806706
0.000413	1676238
0.000414	1548798
0.000415	1418078
0.000416	1277776
0.000417	1122738
0.000418	949962
0.000419	759078
0.000420	552590
0.000421	335730
0.000422	115516
0.000423	-100400
0.000424	-304948
0.000425	-492958
0.000426	-661962
0.000427	-812516
0.000428	-948240
0.000429	-1075100
0.000430	-1200440
0.000431	-1331828
0.000432	-1475532
0.000433	-1635268
0.000434	-1811790
0.000435	-2002650
0.000436	-2202588
0.000437	-2404342
0.000438	-2599702
0.000439	-2781046
0.000440	-2942936
0.000441	-3082778
0.000442	-3201302
0.000443	-3302510
0.000444	-3392858
0.000445	-3480126
0.000446	-3571976
0.000447	-3674248
0.000448	-3789748
0.000449	-3917392
0.000450	-4052110
0.000451	-4185874
0.000452	-4309208
0.000453	-4412778
0.000454	-4489278
0.000455	-4535348
0.000456	-4552754
0.000457	-4548354
0.000458	-4532824
0.000459	-4518608
0.000460	-4517746
0.000461	-4539526
0.000462	-4588144
0.000463	-4661486
0.000464	-4751384
0.000465	-4845110
0.000466	-4927822
0.000467	-4985310
0.000468	-5006720
0.000469	-4986768
0.000470	-4926710
0.000471	-4833958
0.000472	-4720382
0.000473	-4599822
0.000474	-4485390
0.000475	-4386910
0.000476	-4309256
0.000477	-4251854
0.000478	-4209194
0.000479	-4172486
0.000480	-4131766
0.000481	-4077952
0.000482	-4004738
0.000483	-3909508
0.000484	-3793314
0.000485	-3660182
0.000486	-3515876
0.000487	-3366520
0.000488	-3217336
0.000489	-3071554
0.000490	-2930242
0.000491	-2792588
0.000492	-2656566
0.000493	-2519640
0.000494	-2379378
0.000495	-2233970
0.000496	-2082654
0.000497	-1925428
0.000498	-1762822
0.000499	-1595616
0.000500	-1424578
0.000501	-1250292
0.000502	-1073222
0.000503	-893708
0.000504	-712266
0.000505	-529698
0.000506	-346952
0.000507	-165014
0.000508	15000
0.000509	192106
0.000510	365646
0.000511	535420
0.000512	701830
0.000513	865672
0.000514	1027868
0.000515	1189572
0.000516	1352030
0.000517	1516318
0.000518	1683202
0.000519	1852788
0.000520	2024470
0.000521	2197032
0.000522	2368648
0.000523	2536940
0.000524	2699288
0.000525	2853162
0.000526	2996760
0.000527	3129338
0.000528	3251378
0.000529	3364422
0.000530	3470930
0.000531	3573916
0.000532	3676430
0.000533	3780652
0.000534	3887446
0.000535	3996124
0.000536	4104752
0.000537	4210460
0.000538	4309834
0.000539	4399542
0.000540	4477406
0.000541	4542812
0.000542	4596726
0.000543	4641212
0.000544	4678898
0.000545	4712570
0.000546	4744502
0.000547	4775420
0.000548	4804298
0.000549	4828736
0.000550	4845680
0.000551	4852178
0.000552	4845874
0.000553	4825670
0.000554	4792484
0.000555	4749090
0.000556	4699390
0.000557	4647450
0.000558	4596626
0.000559	4548928
0.000560	4504412
0.000561	4460846
0.000562	4414292
0.000563	4360012
0.000564	4293642
0.000565	4212104
0.000566	4114276
0.000567	4001474
0.000568	3877392
0.000569	3747148
0.000570	3616298
0.000571	3489540
0.000572	3369768
0.000573	3257486
0.000574	3150552
0.000575	3044500
0.000576	2933646
0.000577	2812186
0.000578	2675582
0.000579	2521498
0.000580	2350296
0.000581	2165078
0.000582	1971198
0.000583	1775300
0.000584	1584084
0.000585	1402762
0.000586	1234202
0.000587	1078544
0.000588	933162
0.000589	793232
0.000590	652470
0.000591	504396
0.000592	343920
0.000593	168162
0.000594	-23250
0.000595	-227932
0.000596	-441234
0.000597	-656840
0.000598	-867876
0.000599	-1068226
0.000600	-1253456
0.000601	-1421256
0.000602	-1571934
0.000603	-1708170
0.000604	-1834606
0.000605	-1957090
0.000606	-2081746
0.000607	-2213860
0.000608	-2357066
0.000609	-2512644
0.000610	-2679464
0.000611	-2854116
0.000612	-3031194
0.000613	-3204006
0.000614	-3365854
0.000615	-3511246
0.000616	-3636864
0.000617	-3741882
0.000618	-3828030
0.000619	-3899708
0.000620	-3963346
0.000621	-4026052
0.000622	-4094120
0.000623	-4171782
0.000624	-4260676
0.000625	-4359656
0.000626	-4464532
0.000627	-4568712
0.000628	-4664514
0.000629	-4744716
0.000630	-4803892
0.000631	-4839122
0.000632	-4850388
0.000633	-4840746
0.000634	-4815598
0.000635	-4781574
0.000636	-4745250
0.000637	-4711978
0.000638	-4685176
0.000639	-4665828
0.000640	-4652504
0.000641	-4642158
0.000642	-4630928
0.000643	-4614898
0.000644	-4590914
0.000645	-4556992
0.000646	-4512612
0.000647	-4458478
0.000648	-4395780
0.000649	-4325664
0.000650	-4248968
0.000651	-4165838
0.000652	-4075726
0.000653	-3977380
0.000654	-3869264
0.000655	-3750236
0.000656	-3620008
0.000657	-3479206
0.000658	-3329510
0.000659	-3173470
0.000660	-3014410
0.000661	-2855952
0.000662	-2701240
0.000663	-2552328
0.000664	-2409970
0.000665	-2273412
0.000666	-2140472
0.000667	-2007662
0.000668	-1870710
0.000669	-1725532
0.000670	-1569054
0.000671	-1399714
0.000672	-1217830
0.000673	-1025718
0.000674	-827480
0.000675	-628272
0.000676	-433160
0.000677	-246248
0.000678	-70032
0.000679	95060
0.000680	250890
0.000681	401272
0.000682	551052
0.000683	704916
0.000684	866560
0.000685	1038128
0.000686	1219720
0.000687	1409142
0.000688	1602318
0.000689	1794114
0.000690	1979362
0.000691	2153784
0.000692	2314526
0.000693	2460682
0.000694	2593614
0.000695	2716590
0.000696	2834210
0.000697	2951660
0.000698	3073566
0.000699	3203138
0.000700	3341484
0.000701	3487196
0.000702	3636586
0.000703	3784144
0.000704	3923246
0.000705	4047552
0.000706	4152312
0.000707	4235320
0.000708	4297396
0.000709	4342218
0.000710	4375778
0.000711	4405378
0.000712	4438048
0.000713	4479130
0.000714	4531216
0.000715	4593646
0.000716	4662766
0.000717	4732686
0.000718	4796560
0.000719	4848102
0.000720	4882750
0.000721	4898538
0.000722	4896368
0.000723	4879448
0.000724	4852278
0.000725	4819376
0.000726	4784114
0.000727	4747944
0.000728	4709966
0.000729	4667314
0.000730	4616202
0.000731	4553144
0.000732	4476042
0.000733	4384868
0.000734	4281926
0.000735	4171714
0.000736	4059814
0.000737	3951422
0.000738	3850084
0.000739	3756892
0.000740	3670320
0.000741	3586542
0.000742	3500058
0.000743	3405012
0.000744	3296696
0.000745	3172608
0.000746	3032858
0.000747	2879872
0.000748	2717686
0.000749	2551058
0.000750	2384476
0.000751	2221048
0.000752	2061862
0.000753	1905984
0.000754	1750998
0.000755	1593788
0.000756	1431482
0.000757	1262034
0.000758	1084906
0.000759	901278
0.000760	713698
0.000761	525510
0.000762	340180
0.000763	160400
0.000764	-12296
0.000765	-178034
0.000766	-338582
0.000767	-496682
0.000768	-655500
0.000769	-818114
0.000770	-986674
0.000771	-1162042
0.000772	-1343422
0.000773	-1528362
0.000774	-1713546
0.000775	-1895384
0.000776	-2070406
0.000777	-2236034
0.000778	-2390956
0.000779	-2535296
0.000780	-2670794
0.000781	-2800212
0.000782	-2926610
0.000783	-3052932
0.000784	-3181354
0.000785	-3312896
0.000786	-3447310
0.000787	-3582746
0.000788	-3716078
0.000789	-3843802
0.000790	-3962610
0.000791	-4069934
0.000792	-4164332
0.000793	-4245718
0.000794	-4315572
0.000795	-4376642
0.000796	-4432032
0.000797	-4484462
0.000798	-4535824
0.000799	-4586948
0.000800	-4637302
0.000801	-4685170
0.000802	-4728098
0.000803	-4763498
0.000804	-4789392
0.000805	-4804676
0.000806	-4809074
0.000807	-4803402
0.000808	-4789088
0.000809	-4767742
0.000810	-4741100
0.000811	-4710552
0.000812	-4677090
0.000813	-4641482
0.000814	-4604004
0.000815	-4564794
0.000816	-4523876
0.000817	-4480662
0.000818	-4433906
0.000819	-4381616
0.000820	-4321028
0.000821	-4249038
0.000822	-4162474
0.000823	-4058768
0.000824	-3936876
0.000825	-3797878
0.000826	-3645144
0.000827	-3484100
0.000828	-3321514
0.000829	-3164400
0.000830	-3018670
0.000831	-2887926
0.000832	-2772520
0.000833	-2669342
0.000834	-2572294
0.000835	-2473230
0.000836	-2363600
0.000837	-2236186
0.000838	-2086414
0.000839	-1913286
0.000840	-1719600
0.000841	-1511290
0.000842	-1296394
0.000843	-1083342
0.000844	-879282
0.000845	-688934
0.000846	-513948
0.000847	-352702
0.000848	-200988
0.000849	-53004
0.000850	97224
0.000851	254632
0.000852	422316
0.000853	601192
0.000854	789778
0.000855	984674
0.000856	1181284
0.000857	1374780
0.000858	1560858
0.000859	1736272
0.000860	1899086
0.000861	2049046
0.000862	2187512
0.000863	2317246
0.000864	2441902
0.000865	2565412
0.000866	2691498
0.000867	2823308
0.000868	2962784
0.000869	3110168
0.000870	3263690
0.000871	3419826
0.000872	3573928
0.000873	3720832
0.000874	3855496
0.000875	3973836
0.000876	4073702
0.000877	4155510
0.000878	4221982
0.000879	4277484
0.000880	4327274
0.000881	4376540
0.000882	4429480
0.000883	4488238
0.000884	4552294
0.000885	4618866
0.000886	4683708
0.000887	4741960
0.000888	4789196
0.000889	4822338
0.000890	4840470
0.000891	4845060
0.000892	4839310
0.000893	4827124
0.000894	4812176
0.000895	4797058
0.000896	4782526
0.000897	4767030
0.000898	4747034
0.000899	4718042
0.000900	4675866
0.000901	4617666
0.000902	4542614
0.000903	4452248
0.000904	4350504
0.000905	4242996
0.000906	4135644
0.000907	4033224
0.000908	3938294
0.000909	3850642
0.000910	3767474
0.000911	3683950
0.000912	3594072
0.000913	3492136
0.000914	3374260
0.000915	3239262
0.000916	3088976
0.000917	2927646
0.000918	2760910
0.000919	2594872
0.000920	2434848
0.000921	2283874
0.000922	2142164
0.000923	2007130
0.000924	1874094
0.000925	1737460
0.000926	1591676
0.000927	1432268
0.000928	1257244
0.000929	1067418
0.000930	866180
0.000931	658912
0.000932	451904
0.000933	251300
0.000934	62102
0.000935	-113156
0.000936	-274702
0.000937	-425218
0.000938	-569388
0.000939	-712936
0.000940	-861496
0.000941	-1019580
0.000942	-1189346
0.000943	-1370268
0.000944	-1559578
0.000945	-1752720
0.000946	-1944162
0.000947	-2128448
0.000948	-2301182
0.000949	-2460080
0.000950	-2605330
0.000951	-2738980
0.000952	-2864396
0.000953	-2985670
0.000954	-3106778
0.000955	-3230714
0.000956	-3358764
0.000957	-3490182
0.000958	-3622786
0.000959	-3753512
0.000960	-3878818
0.000961	-3995336
0.000962	-4100536
0.000963	-4192952
0.000964	-4272358
0.000965	-4339530
0.000966	-4395986
0.000967	-4443810
0.000968	-4485204
0.000969	-4522194
0.000970	-4556966
0.000971	-4591834
0.000972	-4628844
0.000973	-4669368
0.000974	-4713806
0.000975	-4761608
0.000976	-4811086
0.000977	-4858748
0.000978	-4899358
0.000979	-4926908
0.000980	-4935748
0.000981	-4921518
0.000982	-4881800
0.000983	-4816786
0.000984	-4729932
0.000985	-4627714
0.000986	-4518444
0.000987	-4410752
0.000988	-4312168
0.000989	-4227872
0.000990	-4159656
0.000991	-4105408
0.000992	-4059594
0.000993	-4014456
0.000994	-3961506
0.000995	-3893066
0.000996	-3803708
0.000997	-3691402
0.000998	-3557872
0.000999	-3407878
0.001000	-3247910
0.001001	-3084982
0.001002	-2925360
0.001003	-2773302
0.001004	-2630084
0.001005	-2493960
0.001006	-2361012
0.001007	-2226478
0.001008	-2085666
0.001009	-1934790
0.001010	-1771892
0.001011	-1597534
0.001012	-1414408
0.001013	-1226508
0.001014	-1038156
0.001015	-853138
0.001016	-674118
0.001017	-502104
0.001018	-336056
0.001019	-173546
0.001020	-11546
0.001021	153114
0.001022	322834
0.001023	498662
0.001024	680096
