0.000000000000	0
0.000016000000	43
0.000032000000	463
0.000048000000	1581
0.000064000000	3242
0.000080000000	5152
0.000096000000	7230
0.000112000000	9613
0.000128000000	12558
0.000144000000	16242
0.000160000000	20719
0.000176000000	25828
0.000192000000	31321
0.000208000000	36816
0.000224000000	41891
0.000240000000	46160
0.000256000000	49249
0.000272000000	50908
0.000288000000	51002
0.000304000000	49517
0.000320000000	46598
0.000336000000	42476
0.000352000000	37543
0.000368000000	32166
0.000384000000	26862
0.000400000000	22055
0.000416000000	18164
0.000432000000	15536
0.000448000000	14401
0.000464000000	14846
0.000480000000	16826
0.000496000000	20180
0.000512000000	24624
0.000528000000	29755
0.000544000000	35161
0.000560000000	40353
0.000576000000	44891
0.000592000000	48379
0.000608000000	50525
0.000624000000	51148
0.000640000000	50188
0.000656000000	47719
0.000672000000	43961
0.000688000000	39249
0.000704000000	33973
0.000720000000	28592
0.000736000000	23583
0.000752000000	19330
0.000768000000	16238
0.000784000000	14584
0.000800000000	14510
0.000816000000	15993
0.000832000000	18920
0.000848000000	23038
0.000864000000	27987
0.000880000000	33358
0.000896000000	38660
0.000912000000	43470
0.000928000000	47381
0.000944000000	50016
0.000960000000	51152
0.000976000000	50705
0.000992000000	48707
0.001008000000	45353
0.001024000000	40907
0.001040000000	35765
0.001056000000	30361
0.001072000000	25169
0.001088000000	20627
0.001104000000	17144
0.001120000000	14991
0.001136000000	14367
0.001152000000	15331
0.001168000000	17804
0.001184000000	21563
0.001200000000	26276
0.001216000000	31549
0.001232000000	36931
0.001248000000	41961
0.001264000000	46184
0.001280000000	49262
0.001296000000	50908
0.001312000000	51000
0.001328000000	49525
0.001344000000	46596
0.001360000000	42484
0.001376000000	37524
0.001392000000	32171
0.001408000000	26848
0.001424000000	22054
0.001440000000	18174
0.001456000000	15537
0.001472000000	14393
0.001488000000	14838
0.001504000000	16825
0.001520000000	20184
0.001536000000	24629
0.001552000000	29764
0.001568000000	35158
0.001584000000	40341
0.001600000000	44878
0.001616000000	48393
0.001632000000	50543
0.001648000000	51157
0.001664000000	50182
0.001680000000	47724
0.001696000000	43962
0.001712000000	39244
0.001728000000	33972
0.001744000000	28593
0.001760000000	23576
0.001776000000	19326
0.001792000000	16247
0.001808000000	14597
0.001824000000	14512
0.001840000000	15991
0.001856000000	18920
0.001872000000	23041
0.001888000000	27998
0.001904000000	33360
0.001920000000	38680
0.001936000000	43474
0.001952000000	47349
0.001968000000	49971
0.001984000000	51122
0.002000000000	50689
0.002016000000	48703
0.002032000000	45350
0.002048000000	40913
0.002064000000	35763
0.002080000000	30365
0.002096000000	25169
0.002112000000	20631
0.002128000000	17129
0.002144000000	14992
0.002160000000	14366
0.002176000000	15332
0.002192000000	17799
0.002208000000	21559
0.002224000000	26278
0.002240000000	31562
0.002256000000	36937
0.002272000000	41960
0.002288000000	46188
0.002304000000	49265
0.002320000000	50916
0.002336000000	51000
0.002352000000	49528
0.002368000000	46597
0.002384000000	42481
0.002400000000	37529
0.002416000000	32164
0.002432000000	26853
0.002448000000	22047
0.002464000000	18177
0.002480000000	15531
0.002496000000	14388
0.002512000000	14829
0.002528000000	16828
0.002544000000	20181
0.002560000000	24622
0.002576000000	29750
0.002592000000	35166
0.002608000000	40346
0.002624000000	44899
0.002640000000	48391
0.002656000000	50559
0.002672000000	51175
0.002688000000	50200
0.002704000000	47726
0.002720000000	43967
0.002736000000	39250
0.002752000000	33970
0.002768000000	28592
0.002784000000	23557
0.002800000000	19328
0.002816000000	16269
0.002832000000	14605
0.002848000000	14516
0.002864000000	16000
0.002880000000	18927
0.002896000000	23047
0.002912000000	28007
0.002928000000	33364
0.002944000000	38668
0.002960000000	43480
0.002976000000	47349
0.002992000000	49985
0.003008000000	51129
0.003024000000	50691
0.003040000000	48704
0.003056000000	45339
0.003072000000	40905
0.003088000000	35759
0.003104000000	30372
0.003120000000	25171
0.003136000000	20631
0.003152000000	17133
0.003168000000	14982
0.003184000000	14348
0.003200000000	15313
0.003216000000	17784
0.003232000000	21547
0.003248000000	26273
0.003264000000	31554
0.003280000000	36942
0.003296000000	41961
0.003312000000	46185
0.003328000000	49260
0.003344000000	50915
0.003360000000	50997
0.003376000000	49522
0.003392000000	46591
0.003408000000	42482
0.003424000000	37528
0.003440000000	32171
0.003456000000	26843
0.003472000000	22044
0.003488000000	18168
0.003504000000	15529
0.003520000000	14396
0.003536000000	14847
0.003552000000	16832
0.003568000000	20185
0.003584000000	24615
0.003600000000	29755
0.003616000000	35162
0.003632000000	40350
0.003648000000	44882
0.003664000000	48393
0.003680000000	50535
0.003696000000	51154
0.003712000000	50186
0.003728000000	47722
0.003744000000	43962
0.003760000000	39248
0.003776000000	33964
0.003792000000	28586
0.003808000000	23565
0.003824000000	19336
0.003840000000	16258
0.003856000000	14604
0.003872000000	14518
0.003888000000	16008
0.003904000000	18935
0.003920000000	23050
0.003936000000	27996
0.003952000000	33363
0.003968000000	38667
0.003984000000	43479
0.004000000000	47353
0.004016000000	49992
0.004032000000	51122
0.004048000000	50679
0.004064000000	48691
0.004080000000	45333
0.004096000000	40904
0.004112000000	35767
0.004128000000	30358
0.004144000000	25169
0.004160000000	20628
0.004176000000	17134
0.004192000000	14988
0.004208000000	14369
0.004224000000	15344
0.004240000000	17802
0.004256000000	21558
0.004272000000	26277
0.004288000000	31558
0.004304000000	36940
0.004320000000	41958
0.004336000000	46190
0.004352000000	49262
0.004368000000	50910
0.004384000000	50999
0.004400000000	49520
0.004416000000	46596
0.004432000000	42485
0.004448000000	37525
0.004464000000	32174
0.004480000000	26845
0.004496000000	22037
0.004512000000	18161
0.004528000000	15531
0.004544000000	14394
0.004560000000	14838
0.004576000000	16831
0.004592000000	20174
0.004608000000	24619
0.004624000000	29760
0.004640000000	35154
0.004656000000	40354
0.004672000000	44893
0.004688000000	48397
0.004704000000	50533
0.004720000000	51151
0.004736000000	50185
0.004752000000	47718
0.004768000000	43960
0.004784000000	39242
0.004800000000	33962
0.004816000000	28575
0.004832000000	23570
0.004848000000	19337
0.004864000000	16264
0.004880000000	14431
0.004896000000	12895
0.004912000000	10969
0.004928000000	9776
0.004944000000	11263
0.004960000000	16067
0.004976000000	23184
0.004992000000	31034
0.005008000000	38279
0.005024000000	44091
0.005040000000	48016
0.005056000000	49947
0.005072000000	49936
0.005088000000	48164
0.005104000000	44910
0.005120000000	40506
0.005136000000	35381
0.005152000000	30007
0.005168000000	24858
0.005184000000	20366
0.005200000000	16956
0.005216000000	14909
0.005232000000	14389
0.005248000000	15450
0.005264000000	18011
0.005280000000	21836
0.005296000000	26599
0.005312000000	31898
0.005328000000	37270
0.005344000000	42259
0.005360000000	46415
0.005376000000	49402
0.005392000000	50974
0.005408000000	50957
0.005424000000	49377
0.005440000000	46363
0.005456000000	42184
0.005472000000	37191
0.005488000000	31816
0.005504000000	26532
0.005520000000	21774
0.005536000000	17955
0.005552000000	15417
0.005568000000	14375
0.005584000000	14916
0.005600000000	16997
0.005616000000	20437
0.005632000000	24931
0.005648000000	30109
0.005664000000	35490
0.005680000000	40655
0.005696000000	45144
0.005712000000	48574
0.005728000000	50620
0.005744000000	51144
0.005760000000	50073
0.005776000000	47511
0.005792000000	43681
0.005808000000	38917
0.005824000000	33629
0.005840000000	28254
0.005856000000	23258
0.005872000000	19100
0.005888000000	16118
0.005904000000	14551
0.005920000000	14566
0.005936000000	16140
0.005952000000	19160
0.005968000000	23337
0.005984000000	28325
0.006000000000	33695
0.006016000000	38998
0.006032000000	43753
0.006048000000	47567
0.006064000000	50102
0.006080000000	51145
0.006096000000	50595
0.006112000000	48517
0.006128000000	45078
0.006144000000	40598
0.006160000000	35423
0.006176000000	30021
0.006192000000	24857
0.006208000000	20368
0.006224000000	16957
0.006240000000	14910
0.006256000000	14389
0.006272000000	15449
0.006288000000	18003
0.006304000000	21830
0.006320000000	26595
0.006336000000	31892
0.006352000000	37272
0.006368000000	42248
0.006384000000	46423
0.006400000000	49405
0.006416000000	50985
0.006432000000	50972
0.006448000000	49395
0.006464000000	46378
0.006480000000	42188
0.006496000000	37187
0.006512000000	31813
0.006528000000	26530
0.006544000000	21775
0.006560000000	17964
0.006576000000	15417
0.006592000000	14372
0.006608000000	14906
0.006624000000	16988
0.006640000000	20436
0.006656000000	24927
0.006672000000	30107
0.006688000000	35494
0.006704000000	40666
0.006720000000	45145
0.006736000000	48562
0.006752000000	50620
0.006768000000	51140
0.006784000000	50071
0.006800000000	47526
0.006816000000	43703
0.006832000000	38925
0.006848000000	33630
0.006864000000	28254
0.006880000000	23268
0.006896000000	19104
0.006912000000	16106
0.006928000000	14555
0.006944000000	14558
0.006960000000	16146
0.006976000000	19156
0.006992000000	23334
0.007008000000	28326
0.007024000000	33708
0.007040000000	38997
0.007056000000	43751
0.007072000000	47572
0.007088000000	50104
0.007104000000	51149
0.007120000000	50604
0.007136000000	48523
0.007152000000	45078
0.007168000000	40586
0.007184000000	35421
0.007200000000	30026
0.007216000000	24855
0.007232000000	20383
0.007248000000	16949
0.007264000000	14902
0.007280000000	14377
0.007296000000	15445
0.007312000000	18009
0.007328000000	21839
0.007344000000	26604
0.007360000000	31902
0.007376000000	37277
0.007392000000	42251
0.007408000000	46410
0.007424000000	49416
0.007440000000	50976
0.007456000000	50960
0.007472000000	49373
0.007488000000	46363
0.007504000000	42184
0.007520000000	37192
0.007536000000	31828
0.007552000000	26520
0.007568000000	21765
0.007584000000	17962
0.007600000000	15419
0.007616000000	14370
0.007632000000	14912
0.007648000000	16998
0.007664000000	20436
0.007680000000	24935
0.007696000000	30103
0.007712000000	35500
0.007728000000	40664
0.007744000000	45144
0.007760000000	48574
0.007776000000	50630
0.007792000000	51134
0.007808000000	50066
0.007824000000	47508
0.007840000000	43690
0.007856000000	38924
0.007872000000	33631
0.007888000000	28236
0.007904000000	23270
0.007920000000	19086
0.007936000000	16094
0.007952000000	14538
0.007968000000	14564
0.007984000000	16153
0.008000000000	19156
0.008016000000	23336
0.008032000000	28330
0.008048000000	33709
0.008064000000	38996
0.008080000000	43749
0.008096000000	47562
0.008112000000	50113
0.008128000000	51145
0.008144000000	50603
0.008160000000	48522
0.008176000000	45084
0.008192000000	40596
0.008208000000	35421
0.008224000000	30021
0.008240000000	24863
0.008256000000	20372
0.008272000000	16946
0.008288000000	14896
0.008304000000	14380
0.008320000000	15454
0.008336000000	18010
0.008352000000	21837
0.008368000000	26599
0.008384000000	31899
0.008400000000	37277
0.008416000000	42269
0.008432000000	46422
0.008448000000	49403
0.008464000000	50966
0.008480000000	50952
0.008496000000	49374
0.008512000000	46363
0.008528000000	42185
0.008544000000	37188
0.008560000000	31816
0.008576000000	26524
0.008592000000	21770
0.008608000000	17958
0.008624000000	15418
0.008640000000	14373
0.008656000000	14922
0.008672000000	17008
0.008688000000	20439
0.008704000000	24935
0.008720000000	30093
0.008736000000	35491
0.008752000000	40664
0.008768000000	45151
0.008784000000	48578
0.008800000000	50618
0.008816000000	51144
0.008832000000	50076
0.008848000000	47517
0.008864000000	43689
0.008880000000	38919
0.008896000000	33622
0.008912000000	28239
0.008928000000	23259
0.008944000000	19100
0.008960000000	16111
0.008976000000	14551
0.008992000000	14565
0.009008000000	16146
0.009024000000	19163
0.009040000000	23346
0.009056000000	28336
0.009072000000	33703
0.009088000000	38997
0.009104000000	43757
0.009120000000	47567
0.009136000000	50087
0.009152000000	51136
0.009168000000	50605
0.009184000000	48535
0.009200000000	45084
0.009216000000	40590
0.009232000000	35421
0.009248000000	30013
0.009264000000	24863
0.009280000000	20368
0.009296000000	16945
0.009312000000	14895
0.009328000000	14391
0.009344000000	15455
0.009360000000	18014
0.009376000000	21838
0.009392000000	26606
0.009408000000	31913
0.009424000000	37275
0.009440000000	42251
0.009456000000	46429
0.009472000000	49418
0.009488000000	50971
0.009504000000	50951
0.009520000000	49367
0.009536000000	46363
0.009552000000	42180
0.009568000000	37183
0.009584000000	31815
0.009600000000	26518
0.009616000000	21778
0.009632000000	17961
0.009648000000	15419
0.009664000000	14370
0.009680000000	14923
0.009696000000	17004
0.009712000000	20442
0.009728000000	24940
0.009744000000	30112
0.009760000000	35506
0.009776000000	40675
0.009792000000	45148
0.009808000000	48553
0.009824000000	50621
0.009840000000	51139
0.009856000000	50071
0.009872000000	47512
0.009888000000	43682
0.009904000000	38923
0.009920000000	33624
0.009936000000	28255
0.009952000000	23253
0.009968000000	19085
0.009984000000	16108
0.010000000000	14551
0.010016000000	14566
0.010032000000	16150
0.010048000000	19160
0.010064000000	23350
0.010080000000	28329
0.010096000000	33702
0.010112000000	39006
0.010128000000	43761
0.010144000000	47573
0.010160000000	50103
0.010176000000	51136
0.010192000000	50596
0.010208000000	48519
0.010224000000	45078
0.010240000000	40588
0.010256000000	35422
0.010272000000	30026
0.010288000000	24854
0.010304000000	20363
0.010320000000	16949
0.010336000000	14899
0.010352000000	14386
0.010368000000	15455
0.010384000000	18015
0.010400000000	21837
0.010416000000	26603
0.010432000000	31906
0.010448000000	37273
0.010464000000	42254
0.010480000000	46431
0.010496000000	49413
0.010512000000	50977
0.010528000000	50959
0.010544000000	49372
0.010560000000	46358
0.010576000000	42178
0.010592000000	37204
0.010608000000	31817
0.010624000000	26562
0.010640000000	21782
0.010656000000	17956
0.010672000000	15396
0.010688000000	14354
0.010704000000	14901
0.010720000000	16986
0.010736000000	20435
0.010752000000	24934
0.010768000000	30108
0.010784000000	35500
0.010800000000	40676
0.010816000000	45152
0.010832000000	48573
0.010848000000	50622
0.010864000000	51147
0.010880000000	50072
0.010896000000	47522
0.010912000000	43692
0.010928000000	38921
0.010944000000	33623
0.010960000000	28244
0.010976000000	23263
0.010992000000	19084
0.011008000000	16097
0.011024000000	14549
0.011040000000	14568
0.011056000000	16153
0.011072000000	19162
0.011088000000	23348
0.011104000000	28343
0.011120000000	33707
0.011136000000	39002
0.011152000000	43757
0.011168000000	47573
0.011184000000	50114
0.011200000000	51159
0.011216000000	50603
0.011232000000	48522
0.011248000000	45084
0.011264000000	40585
0.011280000000	35408
0.011296000000	30010
0.011312000000	24857
0.011328000000	20373
0.011344000000	16950
0.011360000000	14895
0.011376000000	14386
0.011392000000	15457
0.011408000000	18014
0.011424000000	21844
0.011440000000	26596
0.011456000000	31910
0.011472000000	37253
0.011488000000	42251
0.011504000000	46415
0.011520000000	49421
0.011536000000	50987
0.011552000000	50983
0.011568000000	49395
0.011584000000	46366
0.011600000000	42186
0.011616000000	37188
0.011632000000	31805
0.011648000000	26510
0.011664000000	21767
0.011680000000	17957
0.011696000000	15416
0.011712000000	14381
0.011728000000	14927
0.011744000000	17011
0.011760000000	20447
0.011776000000	24943
0.011792000000	30111
0.011808000000	35515
0.011824000000	40661
0.011840000000	45144
0.011856000000	48561
0.011872000000	50637
0.011888000000	51150
0.011904000000	50076
0.011920000000	47507
0.011936000000	43672
0.011952000000	38921
0.011968000000	33629
0.011984000000	28249
0.012000000000	23257
0.012016000000	19087
0.012032000000	16100
0.012048000000	14544
0.012064000000	14550
0.012080000000	16131
0.012096000000	19149
0.012112000000	23341
0.012128000000	28339
0.012144000000	33705
0.012160000000	39010
0.012176000000	43767
0.012192000000	47576
0.012208000000	50094
0.012224000000	51140
0.012240000000	50595
0.012256000000	48518
0.012272000000	45079
0.012288000000	40584
0.012304000000	35406
0.012320000000	30013
0.012336000000	24855
0.012352000000	20375
0.012368000000	16947
0.012384000000	14904
0.012400000000	14372
0.012416000000	15438
0.012432000000	17998
0.012448000000	21838
0.012464000000	26602
0.012480000000	31910
0.012496000000	37287
0.012512000000	42266
0.012528000000	46425
0.012544000000	49411
0.012560000000	50967
0.012576000000	50958
0.012592000000	49372
0.012608000000	46368
0.012624000000	42181
0.012640000000	37190
0.012656000000	31809
0.012672000000	26525
0.012688000000	21758
0.012704000000	17950
0.012720000000	15422
0.012736000000	14381
0.012752000000	14921
0.012768000000	17003
0.012784000000	20443
0.012800000000	24936
0.012816000000	30118
0.012832000000	35515
0.012848000000	40669
0.012864000000	45144
0.012880000000	48573
0.012896000000	50620
0.012912000000	51143
0.012928000000	50074
0.012944000000	47508
0.012960000000	43676
0.012976000000	38907
0.012992000000	33613
0.013008000000	28262
0.013024000000	23254
0.013040000000	19090
0.013056000000	16101
0.013072000000	14551
0.013088000000	14566
0.013104000000	16154
0.013120000000	19162
0.013136000000	23348
0.013152000000	28346
0.013168000000	33722
0.013184000000	39003
0.013200000000	43758
0.013216000000	47566
0.013232000000	50109
0.013248000000	51140
0.013264000000	50592
0.013280000000	48513
0.013296000000	45079
0.013312000000	40576
0.013328000000	35406
0.013344000000	30009
0.013360000000	24852
0.013376000000	20373
0.013392000000	16960
0.013408000000	14896
0.013424000000	14383
0.013440000000	15448
0.013456000000	18016
0.013472000000	21845
0.013488000000	26605
0.013504000000	31904
0.013520000000	37286
0.013536000000	42267
0.013552000000	46424
0.013568000000	49413
0.013584000000	50969
0.013600000000	50953
0.013616000000	49364
0.013632000000	46358
0.013648000000	42175
0.013664000000	37183
0.013680000000	31802
0.013696000000	26516
0.013712000000	21757
0.013728000000	17955
0.013744000000	15421
0.013760000000	14384
0.013776000000	14923
0.013792000000	17010
0.013808000000	20448
0.013824000000	24949
0.013840000000	30111
0.013856000000	35511
0.013872000000	40666
0.013888000000	45160
0.013904000000	48576
0.013920000000	50663
0.013936000000	51184
0.013952000000	50110
0.013968000000	47538
0.013984000000	43691
0.014000000000	38912
0.014016000000	33607
0.014032000000	28245
0.014048000000	23252
0.014064000000	19097
0.014080000000	16093
0.014096000000	14544
0.014112000000	14553
0.014128000000	16141
0.014144000000	19156
0.014160000000	23348
0.014176000000	28344
0.014192000000	33712
0.014208000000	39011
0.014224000000	43770
0.014240000000	47562
0.014256000000	50099
0.014272000000	51138
0.014288000000	50592
0.014304000000	48511
0.014320000000	45079
0.014336000000	40574
0.014352000000	35407
0.014368000000	30020
0.014384000000	24845
0.014400000000	20366
0.014416000000	16949
0.014432000000	14892
0.014448000000	14388
0.014464000000	15460
0.014480000000	18016
0.014496000000	21847
0.014512000000	26616
0.014528000000	31914
0.014544000000	37278
0.014560000000	42267
0.014576000000	46437
0.014592000000	49424
0.014608000000	50970
0.014624000000	50944
0.014640000000	49372
0.014656000000	46359
0.014672000000	42174
0.014688000000	37178
0.014704000000	31814
0.014720000000	26514
0.014736000000	21760
0.014752000000	17950
0.014768000000	15410
0.014784000000	14379
0.014800000000	14927
0.014816000000	17010
0.014832000000	20451
0.014848000000	24943
0.014864000000	30120
0.014880000000	35516
0.014896000000	40667
0.014912000000	45152
0.014928000000	48576
0.014944000000	50624
0.014960000000	51136
0.014976000000	50064
0.014992000000	47507
0.015008000000	43678
0.015024000000	38911
0.015040000000	33606
0.015056000000	28248
0.015072000000	23259
0.015088000000	19090
0.015104000000	16095
0.015120000000	14552
0.015136000000	14564
0.015152000000	16150
0.015168000000	19170
0.015184000000	23348
0.015200000000	28347
0.015216000000	33706
0.015232000000	39004
0.015248000000	43763
0.015264000000	47577
0.015280000000	50104
0.015296000000	51136
0.015312000000	50600
0.015328000000	48512
0.015344000000	45075
0.015360000000	40577
0.015376000000	35404
0.015392000000	30013
0.015408000000	24854
0.015424000000	20372
0.015440000000	16936
0.015456000000	14884
0.015472000000	14385
0.015488000000	15455
0.015504000000	18019
0.015520000000	21837
0.015536000000	26609
0.015552000000	31911
0.015568000000	37285
0.015584000000	42270
0.015600000000	46448
0.015616000000	49432
0.015632000000	50996
0.015648000000	50976
0.015664000000	49386
0.015680000000	46368
0.015696000000	42172
0.015712000000	37179
0.015728000000	31801
0.015744000000	26512
0.015760000000	21757
0.015776000000	17945
0.015792000000	15415
0.015808000000	14372
0.015824000000	14921
0.015840000000	17006
0.015856000000	20446
0.015872000000	24952
0.015888000000	30114
0.015904000000	35514
0.015920000000	40675
0.015936000000	45149
0.015952000000	48574
0.015968000000	50625
0.015984000000	51136
0.016000000000	50063
0.016016000000	47503
0.016032000000	43672
0.016048000000	38908
0.016064000000	33613
0.016080000000	28245
0.016096000000	23258
0.016112000000	19076
0.016128000000	16080
0.016144000000	14527
0.016160000000	14549
0.016176000000	16147
0.016192000000	19164
0.016208000000	23349
0.016224000000	28335
0.016240000000	33718
0.016256000000	39006
0.016272000000	43772
0.016288000000	47571
0.016304000000	50102
0.016320000000	51141
0.016336000000	50597
0.016352000000	48517
0.016368000000	45073
0.016384000000	40585
