0.000000000000	8706
0.000020000000	9842
0.000040000000	-6271778
0.000060000000	4769168
0.000080000000	-2666063
0.000100000000	-3422326
0.000120000000	-6987843
0.000140000000	-5343379
0.000160000000	4266543
0.000180000000	1104732
0.000200000000	601891
0.000220000000	944445
0.000240000000	3793098
0.000260000000	-6661124
0.000280000000	-3760151
0.000300000000	-3471466
0.000320000000	-5502517
0.000340000000	3497769
0.000360000000	7530874
0.000380000000	5508756
0.000400000000	6799963
0.000420000000	4209241
0.000440000000	-5434582
0.000460000000	6065416
0.000480000000	-7457109
0.000500000000	5635182
0.000520000000	767978
0.000540000000	504095
0.000560000000	3372993
0.000580000000	3243534
0.000600000000	-606800
0.000620000000	1575469
0.000640000000	1254319
0.000660000000	5688754
0.000680000000	6835114
0.000700000000	944706
0.000720000000	-7220693
0.000740000000	-437968
0.000760000000	-1887550
0.000780000000	-2050163
0.000800000000	-3044608
0.000820000000	-8299317
0.000840000000	-7530678
0.000860000000	238504
0.000880000000	-2962631
0.000900000000	6851360
0.000920000000	-2884290
0.000940000000	-1687230
0.000960000000	-1498276
0.000980000000	-1310892
0.001000000000	-1128010
0.001020000000	-951266
0.001040000000	-780700
0.001060000000	-615234
0.001080000000	-452960
0.001100000000	-291420
0.001120000000	-128286
0.001140000000	37960
0.001160000000	208036
0.001180000000	381530
0.001200000000	557350
0.001220000000	734028
0.001240000000	909794
0.001260000000	1083018
0.001280000000	1252802
0.001300000000	1418734
0.001320000000	1581140
0.001340000000	1740748
0.001360000000	1898436
0.001380000000	2055192
0.001400000000	2211762
0.001420000000	2368158
0.001440000000	2523956
0.001460000000	2678226
0.001480000000	2829798
0.001500000000	2977400
0.001520000000	3119736
0.001540000000	3255806
0.001560000000	3385260
0.001580000000	3508136
0.001600000000	3624716
0.001620000000	3735350
0.001640000000	3840462
0.001660000000	3940456
0.001680000000	4035606
0.001700000000	4125832
0.001720000000	4210858
0.001740000000	4290514
0.001760000000	4364708
0.001780000000	4433326
0.001800000000	4496330
0.001820000000	4553550
0.001840000000	4604900
0.001860000000	4650348
0.001880000000	4689600
0.001900000000	4722406
0.001920000000	4748644
0.001940000000	4768172
0.001960000000	4781192
0.001980000000	4787924
0.002000000000	4788598
0.002020000000	4783656
0.002040000000	4773320
0.002060000000	4757602
0.002080000000	4736522
0.002100000000	4709806
0.002120000000	4677232
0.002140000000	4638552
0.002160000000	4593358
0.002180000000	4541318
0.002200000000	4482110
0.002220000000	4415298
0.002240000000	4340572
0.002260000000	4257602
0.002280000000	4166240
0.002300000000	4066750
0.002320000000	3959890
0.002340000000	3846890
0.002360000000	3729306
0.002380000000	3608708
0.002400000000	3486574
0.002420000000	3364000
0.002440000000	3241364
0.002460000000	3118128
0.002480000000	2993022
0.002500000000	2864340
0.002520000000	2730320
0.002540000000	2589340
0.002560000000	2440268
0.002580000000	2282726
0.002600000000	2117230
0.002620000000	1944982
0.002640000000	1767700
0.002660000000	1587300
0.002680000000	1405764
0.002700000000	1224780
0.002720000000	1045660
0.002740000000	869192
0.002760000000	695708
0.002780000000	525032
0.002800000000	356670
0.002820000000	189830
0.002840000000	23700
0.002860000000	-142604
0.002880000000	-309800
0.002900000000	-478410
0.002920000000	-648602
0.002940000000	-820254
0.002960000000	-992886
0.002980000000	-1165870
0.003000000000	-1338332
0.003020000000	-1509366
0.003040000000	-1678066
0.003060000000	-1843686
0.003080000000	-2005716
0.003100000000	-2163942
0.003120000000	-2318210
0.003140000000	-2468542
0.003160000000	-2615144
0.003180000000	-2758354
0.003200000000	-2898490
0.003220000000	-3035640
0.003240000000	-3169730
0.003260000000	-3300760
0.003280000000	-3428622
0.003300000000	-3552882
0.003320000000	-3672858
0.003340000000	-3787734
0.003360000000	-3896874
0.003380000000	-3999636
0.003400000000	-4095284
0.003420000000	-4183290
0.003440000000	-4263510
0.003460000000	-4336202
0.003480000000	-4402006
0.003500000000	-4461546
0.003520000000	-4515638
0.003540000000	-4565138
0.003560000000	-4610608
0.003580000000	-4652402
0.003600000000	-4690434
0.003620000000	-4724124
0.003640000000	-4752840
0.003660000000	-4775682
0.003680000000	-4791816
0.003700000000	-4800658
0.003720000000	-4801544
0.003740000000	-4794140
0.003760000000	-4778540
0.003780000000	-4754896
0.003800000000	-4723646
0.003820000000	-4685168
0.003840000000	-4639788
0.003860000000	-4588164
0.003880000000	-4530842
0.003900000000	-4468102
0.003920000000	-4400148
0.003940000000	-4326970
0.003960000000	-4248538
0.003980000000	-4164742
0.004000000000	-4075144
0.004020000000	-3979366
0.004040000000	-3877270
0.004060000000	-3768918
0.004080000000	-3654540
0.004100000000	-3534572
0.004120000000	-3409652
0.004140000000	-3280614
0.004160000000	-3148144
0.004180000000	-3012642
0.004200000000	-2874194
0.004220000000	-2732726
0.004240000000	-2587784
0.004260000000	-2438598
0.004280000000	-2284386
0.004300000000	-2124714
0.004320000000	-1959598
0.004340000000	-1789616
0.004360000000	-1615710
0.004380000000	-1439414
0.004400000000	-1262752
0.004420000000	-1087706
0.004440000000	-915758
0.004460000000	-747738
0.004480000000	-583604
0.004500000000	-422630
0.004520000000	-263306
0.004540000000	-103484
0.004560000000	59050
0.004580000000	225970
0.004600000000	398182
0.004620000000	575604
0.004640000000	757306
0.004660000000	941532
0.004680000000	1125870
0.004700000000	1307654
0.004720000000	1484686
0.004740000000	1655510
0.004760000000	1819514
0.004780000000	1976844
0.004800000000	2128352
0.004820000000	2275496
0.004840000000	2420220
0.004860000000	2564192
0.004880000000	2708438
0.004900000000	2853310
0.004920000000	2998534
0.004940000000	3143208
0.004960000000	3285778
0.004980000000	3423978
0.005000000000	3555594
0.005020000000	3678960
0.005040000000	3793056
0.005060000000	3897542
0.005080000000	3992800
0.005100000000	4079928
0.005120000000	4160790
0.005140000000	4237262
0.005160000000	4310752
0.005180000000	4382088
0.005200000000	4451310
0.005220000000	4517688
0.005240000000	4579978
0.005260000000	4636404
0.005280000000	4685382
0.005300000000	4725808
0.005320000000	4756964
0.005340000000	4778892
0.005360000000	4792298
0.005380000000	4798106
0.005400000000	4797548
0.005420000000	4791496
0.005440000000	4780380
0.005460000000	4764538
0.005480000000	4743864
0.005500000000	4717900
0.005520000000	4686202
0.005540000000	4648166
0.005560000000	4603594
0.005580000000	4552642
0.005600000000	4495404
0.005620000000	4432042
0.005640000000	4362758
0.005660000000	4287618
0.005680000000	4206730
0.005700000000	4119858
0.005720000000	4026552
0.005740000000	3926476
0.005760000000	3819500
0.005780000000	3705716
0.005800000000	3585554
0.005820000000	3459642
0.005840000000	3328988
0.005860000000	3194814
0.005880000000	3058312
0.005900000000	2920476
0.005920000000	2781918
0.005940000000	2642662
0.005960000000	2502274
0.005980000000	2359816
0.006000000000	2214038
0.006020000000	2063592
0.006040000000	1907202
0.006060000000	1744114
0.006080000000	1574396
0.006100000000	1398800
0.006120000000	1218710
0.006140000000	1035890
0.006160000000	852290
0.006180000000	669856
0.006200000000	489998
0.006220000000	313310
0.006240000000	139688
0.006260000000	-31510
0.006280000000	-201154
0.006300000000	-370214
0.006320000000	-539600
0.006340000000	-709814
0.006360000000	-880812
0.006380000000	-1052124
0.006400000000	-1223040
0.006420000000	-1392882
0.006440000000	-1561064
0.006460000000	-1727122
0.006480000000	-1890794
0.006500000000	-2051990
0.006520000000	-2210614
0.006540000000	-2366522
0.006560000000	-2519400
0.006580000000	-2668684
0.006600000000	-2813688
0.006620000000	-2953792
0.006640000000	-3088542
0.006660000000	-3217846
0.006680000000	-3341840
0.006700000000	-3460868
0.006720000000	-3575648
0.006740000000	-3687008
0.006760000000	-3795460
0.006780000000	-3901202
0.006800000000	-4003974
0.006820000000	-4103208
0.006840000000	-4198116
0.006860000000	-4287452
0.006880000000	-4369912
0.006900000000	-4444616
0.006920000000	-4510890
0.006940000000	-4568442
0.006960000000	-4617324
0.006980000000	-4657830
0.007000000000	-4690810
0.007020000000	-4717166
0.007040000000	-4737526
0.007060000000	-4752626
0.007080000000	-4762974
0.007100000000	-4768830
0.007120000000	-4770248
0.007140000000	-4766680
0.007160000000	-4757498
0.007180000000	-4742174
0.007200000000	-4719950
0.007220000000	-4690316
0.007240000000	-4652996
0.007260000000	-4608004
0.007280000000	-4556026
0.007300000000	-4497936
0.007320000000	-4434618
0.007340000000	-4366996
0.007360000000	-4295518
0.007380000000	-4220216
0.007400000000	-4140626
0.007420000000	-4055560
0.007440000000	-3963592
0.007460000000	-3863276
0.007480000000	-3753488
0.007500000000	-3633922
0.007520000000	-3504960
0.007540000000	-3367740
0.007560000000	-3224230
0.007580000000	-3076716
0.007600000000	-2927616
0.007620000000	-2778960
0.007640000000	-2631902
0.007660000000	-2486920
0.007680000000	-2343708
0.007700000000	-2201108
0.007720000000	-2057510
0.007740000000	-1910956
0.007760000000	-1759594
0.007780000000	-1602178
0.007800000000	-1437968
0.007820000000	-1266870
0.007840000000	-1089576
0.007860000000	-907422
0.007880000000	-722334
0.007900000000	-536486
0.007920000000	-351838
0.007940000000	-169984
0.007960000000	7998
0.007980000000	181668
0.008000000000	351276
0.008020000000	517720
0.008040000000	682258
0.008060000000	846170
0.008080000000	1010474
0.008100000000	1175710
0.008120000000	1341992
0.008140000000	1508968
0.008160000000	1675802
0.008180000000	1841406
0.008200000000	2004710
0.008220000000	2164906
0.008240000000	2321738
0.008260000000	2475172
0.008280000000	2625274
0.008300000000	2772408
0.008320000000	2917086
0.008340000000	3059582
0.008360000000	3199708
0.008380000000	3336568
0.008400000000	3469122
0.008420000000	3596424
0.008440000000	3717240
0.008460000000	3830172
0.008480000000	3934164
0.008500000000	4028796
0.008520000000	4114450
0.008540000000	4191766
0.008560000000	4261550
0.008580000000	4325134
0.008600000000	4384156
0.008620000000	4440208
0.008640000000	4494454
0.008660000000	4547398
0.008680000000	4599138
0.008700000000	4649126
0.008720000000	4696084
0.008740000000	4738380
0.008760000000	4774042
0.008780000000	4801194
0.008800000000	4818438
0.008820000000	4824886
0.008840000000	4820598
0.008860000000	4806312
0.008880000000	4783024
0.008900000000	4752190
0.008920000000	4715350
0.008940000000	4673756
0.008960000000	4628308
0.008980000000	4579154
0.009000000000	4526114
0.009020000000	4468930
0.009040000000	4407078
0.009060000000	4339902
0.009080000000	4266758
0.009100000000	4186926
0.009120000000	4099918
0.009140000000	4005268
0.009160000000	3902622
0.009180000000	3791806
0.009200000000	3673016
0.009220000000	3546972
0.009240000000	3415074
0.009260000000	3279128
0.009280000000	3141142
0.009300000000	3002850
0.009320000000	2865688
0.009340000000	2730414
0.009360000000	2596704
0.009380000000	2463144
0.009400000000	2327490
0.009420000000	2187140
0.009440000000	2039846
0.009460000000	1883852
0.009480000000	1718216
0.009500000000	1543338
0.009520000000	1360740
0.009540000000	1172838
0.009560000000	982470
0.009580000000	792264
0.009600000000	604308
0.009620000000	420070
0.009640000000	239976
0.009660000000	63738
0.009680000000	-109498
0.009700000000	-280802
0.009720000000	-451120
0.009740000000	-620846
0.009760000000	-790044
0.009780000000	-958360
0.009800000000	-1125322
0.009820000000	-1290344
0.009840000000	-1453018
0.009860000000	-1613264
0.009880000000	-1771660
0.009900000000	-1928956
0.009920000000	-2085822
0.009940000000	-2242620
0.009960000000	-2399552
0.009980000000	-2556330
0.010000000000	-2712006
0.010020000000	-2864890
0.010040000000	-3013224
0.010060000000	-3155534
0.010080000000	-3290784
0.010100000000	-3418182
0.010120000000	-3537518
0.010140000000	-3649410
0.010160000000	-3755118
0.010180000000	-3855810
0.010200000000	-3952402
0.010220000000	-4045454
0.010240000000	-4135280
0.010260000000	-4221748
0.010280000000	-4304002
0.010300000000	-4380854
0.010320000000	-4451384
0.010340000000	-4514782
0.010360000000	-4570514
0.010380000000	-4618324
0.010400000000	-4658250
0.010420000000	-4690950
0.010440000000	-4717198
0.010460000000	-4737558
0.010480000000	-4752766
0.010500000000	-4763394
0.010520000000	-4769820
0.010540000000	-4772250
0.010560000000	-4770308
0.010580000000	-4763506
0.010600000000	-4751292
0.010620000000	-4732660
0.010640000000	-4706628
0.010660000000	-4672224
0.010680000000	-4628542
0.010700000000	-4575196
0.010720000000	-4512106
0.010740000000	-4439692
0.010760000000	-4359054
0.010780000000	-4271454
0.010800000000	-4178358
0.010820000000	-4081366
0.010840000000	-3981814
0.010860000000	-3880610
0.010880000000	-3777852
0.010900000000	-3672966
0.010920000000	-3565192
0.010940000000	-3453534
0.010960000000	-3336776
0.010980000000	-3213724
0.011000000000	-3083554
0.011020000000	-2946276
0.011040000000	-2802386
0.011060000000	-2652460
0.011080000000	-2497242
0.011100000000	-2337638
0.011120000000	-2174680
0.011140000000	-2009314
0.011160000000	-1841942
0.011180000000	-1672764
0.011200000000	-1502088
0.011220000000	-1330210
0.011240000000	-1157454
0.011260000000	-984060
0.011280000000	-810194
0.011300000000	-636356
0.011320000000	-463100
0.011340000000	-290772
0.011360000000	-119608
0.011380000000	50318
0.011400000000	219014
0.011420000000	386574
0.011440000000	553510
0.011460000000	720444
0.011480000000	887858
0.011500000000	1056174
0.011520000000	1225708
0.011540000000	1396542
0.011560000000	1568404
0.011580000000	1740436
0.011600000000	1911504
0.011620000000	2080408
0.011640000000	2245814
0.011660000000	2406362
0.011680000000	2560994
0.011700000000	2709074
0.011720000000	2850486
0.011740000000	2985522
0.011760000000	3114742
0.011780000000	3238988
0.011800000000	3359182
0.011820000000	3475996
0.011840000000	3589896
0.011860000000	3701170
0.011880000000	3809762
0.011900000000	3915384
0.011920000000	4017472
0.011940000000	4115358
0.011960000000	4208478
0.011980000000	4296154
0.012000000000	4377592
0.012020000000	4452144
0.012040000000	4519130
0.012060000000	4578114
0.012080000000	4628874
0.012100000000	4671280
0.012120000000	4705628
0.012140000000	4732438
0.012160000000	4752298
0.012180000000	4766166
0.012200000000	4774854
0.012220000000	4778990
0.012240000000	4779060
0.012260000000	4775000
0.012280000000	4766586
0.012300000000	4753434
0.012320000000	4734660
0.012340000000	4709468
0.012360000000	4677166
0.012380000000	4637224
0.012400000000	4589658
0.012420000000	4534596
0.012440000000	4472410
0.012460000000	4403886
0.012480000000	4329628
0.012500000000	4249998
0.012520000000	4165044
0.012540000000	4074292
0.012560000000	3977212
0.012580000000	3873040
0.012600000000	3760940
0.012620000000	3640658
0.012640000000	3512662
0.012660000000	3378140
0.012680000000	3238984
0.012700000000	3097190
0.012720000000	2954950
0.012740000000	2814182
0.012760000000	2675806
0.012780000000	2539702
0.012800000000	2404754
0.012820000000	2268922
0.012840000000	2129928
0.012860000000	1985288
0.012880000000	1832896
0.012900000000	1671742
0.012920000000	1501684
0.012940000000	1323456
0.012960000000	1138758
0.012980000000	949688
0.013000000000	758668
0.013020000000	567972
0.013040000000	379106
0.013060000000	193216
0.013080000000	10966
0.013100000000	-167694
0.013120000000	-343182
0.013140000000	-516272
0.013160000000	-687856
0.013180000000	-858426
0.013200000000	-1028434
0.013220000000	-1198094
0.013240000000	-1367232
0.013260000000	-1535464
0.013280000000	-1702070
0.013300000000	-1866056
0.013320000000	-2026654
0.013340000000	-2183162
0.013360000000	-2335094
0.013380000000	-2482142
0.013400000000	-2624178
0.013420000000	-2761562
0.013440000000	-2895098
0.013460000000	-3025522
0.013480000000	-3153440
0.013500000000	-3279354
0.013520000000	-3403796
0.013540000000	-3527024
0.013560000000	-3648616
0.013580000000	-3767568
0.013600000000	-3882726
0.013620000000	-3993030
0.013640000000	-4097288
0.013660000000	-4194060
0.013680000000	-4282258
0.013700000000	-4361428
0.013720000000	-4431718
0.013740000000	-4493640
0.013760000000	-4547690
0.013780000000	-4594706
0.013800000000	-4635934
0.013820000000	-4672342
0.013840000000	-4704586
0.013860000000	-4732816
0.013880000000	-4756740
0.013900000000	-4776076
0.013920000000	-4790114
0.013940000000	-4797710
0.013960000000	-4797900
0.013980000000	-4789850
0.014000000000	-4773236
0.014020000000	-4748192
0.014040000000	-4714890
0.014060000000	-4674028
0.014080000000	-4626774
0.014100000000	-4574230
0.014120000000	-4517296
0.014140000000	-4456316
0.014160000000	-4391282
0.014180000000	-4322134
0.014200000000	-4248302
0.014220000000	-4168776
0.014240000000	-4082528
0.014260000000	-3988924
0.014280000000	-3887960
0.014300000000	-3779870
0.014320000000	-3664944
0.014340000000	-3543852
0.014360000000	-3417572
0.014380000000	-3287204
0.014400000000	-3153402
0.014420000000	-3016140
0.014440000000	-2875216
0.014460000000	-2730414
0.014480000000	-2581370
0.014500000000	-2427764
0.014520000000	-2269256
0.014540000000	-2106020
0.014560000000	-1939052
0.014580000000	-1769660
0.014600000000	-1599236
0.014620000000	-1429216
0.014640000000	-1260650
0.014660000000	-1094328
0.014680000000	-930438
0.014700000000	-768278
0.014720000000	-606676
0.014740000000	-444248
0.014760000000	-279524
0.014780000000	-111534
0.014800000000	60232
0.014820000000	235766
0.014840000000	414396
0.014860000000	595088
0.014880000000	776646
0.014900000000	957790
0.014920000000	1137624
0.014940000000	1315580
0.014960000000	1491178
0.014980000000	1664006
0.015000000000	1833542
0.015020000000	1999054
0.015040000000	2159662
0.015060000000	2314288
0.015080000000	2461952
0.015100000000	2602234
0.015120000000	2735412
0.015140000000	2862460
0.015160000000	2985046
0.015180000000	3105400
0.015200000000	3225844
0.015220000000	3348190
0.015240000000	3473236
0.015260000000	3600560
0.015280000000	3728712
0.015300000000	3855310
0.015320000000	3977106
0.015340000000	4090778
0.015360000000	4193632
0.015380000000	4284022
0.015400000000	4361644
0.015420000000	4427230
0.015440000000	4482406
0.015460000000	4529708
0.015480000000	4571790
0.015500000000	4610960
0.015520000000	4648786
0.015540000000	4685650
0.015560000000	4721102
0.015580000000	4753968
0.015600000000	4782336
0.015620000000	4804180
0.015640000000	4817424
0.015660000000	4820388
0.015680000000	4812440
0.015700000000	4793744
0.015720000000	4765218
0.015740000000	4728448
0.015760000000	4685204
0.015780000000	4637586
0.015800000000	4587564
0.015820000000	4536114
0.015840000000	4483154
0.015860000000	4427618
0.015880000000	4367742
0.015900000000	4301516
0.015920000000	4226708
0.015940000000	4141296
0.015960000000	4044406
0.015980000000	3936634
0.016000000000	3819804
0.016020000000	3696504
0.016040000000	3569584
0.016060000000	3441780
0.016080000000	3315320
0.016100000000	3191160
0.016120000000	3068724
0.016140000000	2946258
0.016160000000	2821246
0.016180000000	2690920
0.016200000000	2552814
0.016220000000	2405116
0.016240000000	2247164
0.016260000000	2079508
0.016280000000	1903660
0.016300000000	1721964
0.016320000000	1537238
0.016340000000	1352292
0.016360000000	1169536
0.016380000000	990646
0.016400000000	816534
0.016420000000	647396
0.016440000000	482532
0.016460000000	320456
0.016480000000	159216
0.016500000000	-3086
0.016520000000	-168086
0.016540000000	-337010
0.016560000000	-510574
0.016580000000	-688678
0.016600000000	-870370
0.016620000000	-1054008
0.016640000000	-1237810
0.016660000000	-1419864
0.016680000000	-1598340
0.016700000000	-1771684
0.016720000000	-1938878
0.016740000000	-2099470
0.016760000000	-2253552
0.016780000000	-2401380
0.016800000000	-2543556
0.016820000000	-2680924
0.016840000000	-2814366
0.016860000000	-2944610
0.016880000000	-3072256
0.016900000000	-3197696
0.016920000000	-3321278
0.016940000000	-3443064
0.016960000000	-3562718
0.016980000000	-3679640
0.017000000000	-3793142
0.017020000000	-3902386
0.017040000000	-4006574
0.017060000000	-4104874
0.017080000000	-4196578
0.017100000000	-4281392
0.017120000000	-4359288
0.017140000000	-4430342
0.017160000000	-4494800
0.017180000000	-4552740
0.017200000000	-4604228
0.017220000000	-4649288
0.017240000000	-4687598
0.017260000000	-4718836
0.017280000000	-4742786
0.017300000000	-4759292
0.017320000000	-4768690
0.017340000000	-4771472
0.017360000000	-4768266
0.017380000000	-4759958
0.017400000000	-4747132
0.017420000000	-4730070
0.017440000000	-4708810
0.017460000000	-4682786
0.017480000000	-4651296
0.017500000000	-4613486
0.017520000000	-4568466
0.017540000000	-4515882
0.017560000000	-4455740
0.017580000000	-4388240
0.017600000000	-4313924
0.017620000000	-4233228
0.017640000000	-4146548
0.017660000000	-4054106
0.017680000000	-3955572
0.017700000000	-3850462
0.017720000000	-3738524
0.017740000000	-3619778
0.017760000000	-3494762
0.017780000000	-3364426
0.017800000000	-3229950
0.017820000000	-3092888
0.017840000000	-2954684
0.017860000000	-2816076
0.017880000000	-2677008
0.017900000000	-2536724
0.017920000000	-2393908
0.017940000000	-2247216
0.017960000000	-2095256
0.017980000000	-1936876
0.018000000000	-1771726
0.018020000000	-1600330
0.018040000000	-1423736
0.018060000000	-1243396
0.018080000000	-1060656
0.018100000000	-876816
0.018120000000	-693150
0.018140000000	-510644
0.018160000000	-329894
0.018180000000	-151410
0.018200000000	24396
0.018220000000	197080
0.018240000000	366376
0.018260000000	532388
0.018280000000	695610
0.018300000000	856766
0.018320000000	1016910
0.018340000000	1177220
0.018360000000	1338728
0.018380000000	1502052
0.018400000000	1667248
0.018420000000	1833712
0.018440000000	2000362
0.018460000000	2165658
0.018480000000	2327948
0.018500000000	2485948
0.018520000000	2638822
0.018540000000	2786092
0.018560000000	2927744
0.018580000000	3064128
0.018600000000	3195896
0.018620000000	3323668
0.018640000000	3447570
0.018660000000	3567436
0.018680000000	3683160
0.018700000000	3794524
0.018720000000	3901170
0.018740000000	4002644
0.018760000000	4098508
0.018780000000	4188662
0.018800000000	4273030
0.018820000000	4351172
0.018840000000	4422562
0.018860000000	4486620
0.018880000000	4542846
0.018900000000	4591068
0.018920000000	4631204
0.018940000000	4663566
0.018960000000	4689076
0.018980000000	4708882
0.019000000000	4724452
0.019020000000	4737170
0.019040000000	4747840
0.019060000000	4756924
0.019080000000	4764172
0.019100000000	4768552
0.019120000000	4768630
0.019140000000	4762366
0.019160000000	4747672
0.019180000000	4722920
0.019200000000	4686712
0.019220000000	4638356
0.019240000000	4577970
0.019260000000	4506366
0.019280000000	4425274
0.019300000000	4336804
0.019320000000	4243028
0.019340000000	4146156
0.019360000000	4048028
0.019380000000	3949836
0.019400000000	3851852
0.019420000000	3753278
0.019440000000	3652684
0.019460000000	3548384
0.019480000000	3438386
0.019500000000	3320888
0.019520000000	3194680
0.019540000000	3059560
0.019560000000	2916376
0.019580000000	2766712
0.019600000000	2612450
0.019620000000	2455630
0.019640000000	2298044
0.019660000000	2140868
0.019680000000	1984412
0.019700000000	1828140
0.019720000000	1670878
0.019740000000	1511316
0.019760000000	1348248
0.019780000000	1180740
0.019800000000	1008390
0.019820000000	831368
0.019840000000	650376
0.019860000000	466478
0.019880000000	280768
0.019900000000	94256
0.019920000000	-92064
0.019940000000	-277366
0.019960000000	-460894
0.019980000000	-641934
0.020000000000	-819696
0.020020000000	-993376
0.020040000000	-1162314
0.020060000000	-1326154
0.020080000000	-1484776
0.020100000000	-1638538
0.020120000000	-1788308
0.020140000000	-1935464
0.020160000000	-2081514
0.020180000000	-2227726
0.020200000000	-2375010
0.020220000000	-2524006
0.020240000000	-2674712
0.020260000000	-2826322
0.020280000000	-2977284
0.020300000000	-3125816
0.020320000000	-3270276
0.020340000000	-3409118
0.020360000000	-3540728
0.020380000000	-3663820
0.020400000000	-3777818
0.020420000000	-3882872
0.020440000000	-3979336
0.020460000000	-4067646
0.020480000000	-4148512
