0.000000000000	-171
0.000320000000	-285
0.000640000000	-201
0.000960000000	-285
0.001280000000	-169
0.001600000000	-143
0.001920000000	1607426
0.002240000000	-4432779
0.002560000000	6593455
0.002880000000	178381
0.003200000000	-3881135
0.003520000000	-1
0.003840000000	-1
0.004160000000	1
0.004480000000	1
0.004800000000	1
0.005120000000	-1
0.005440000000	1
0.005760000000	1
0.006080000000	-1
0.006400000000	1
0.006720000000	1
0.007040000000	1
0.007360000000	1
0.007680000000	-1
0.008000000000	1
0.008320000000	1
0.008640000000	1
0.008960000000	1
0.009280000000	-1
0.009600000000	1
0.009920000000	1
0.010240000000	1
0.010560000000	1
0.010880000000	-1
0.011200000000	1
0.011520000000	1
0.011840000000	1
0.012160000000	1
0.012480000000	-1
0.012800000000	1
0.013120000000	1
0.013440000000	1
0.013760000000	1
0.014080000000	1
0.014400000000	-1
0.014720000000	1
0.015040000000	1
0.015360000000	1
0.015680000000	1
0.016000000000	-1
0.016320000000	1
0.016640000000	1
0.016960000000	1
0.017280000000	1
0.017600000000	1
0.017920000000	-1
0.018240000000	1
0.018560000000	1
0.018880000000	1
0.019200000000	1
0.019520000000	1
0.019840000000	-1
0.020160000000	1
0.020480000000	1
0.020800000000	1
0.021120000000	1
0.021440000000	-1
0.021760000000	1
0.022080000000	1
0.022400000000	1
0.022720000000	1
0.023040000000	-1
0.023360000000	1
0.023680000000	1
0.024000000000	1
0.024320000000	1
0.024640000000	-1
0.024960000000	1
0.025280000000	1
0.025600000000	1
0.025920000000	1
0.026240000000	-1
0.026560000000	1
0.026880000000	1
0.027200000000	1
0.027520000000	-1
0.027840000000	1
0.028160000000	1
0.028480000000	1
0.028800000000	-1
0.029120000000	1
0.029440000000	1
0.029760000000	1
0.030080000000	-1
0.030400000000	1
0.030720000000	1
0.031040000000	1
0.031360000000	-1
0.031680000000	1
0.032000000000	1
0.032320000000	-1
0.032640000000	1
0.032960000000	1
0.033280000000	1
0.033600000000	-1
0.033920000000	-1
0.034240000000	1
0.034560000000	1
0.034880000000	1
0.035200000000	1
0.035520000000	-1
0.035840000000	1
0.036160000000	-1
0.036480000000	1
0.036800000000	1
0.037120000000	-1
0.037440000000	1
0.037760000000	1
0.038080000000	-1
0.038400000000	1
0.038720000000	-1
0.039040000000	1
0.039360000000	-1
0.039680000000	1
0.040000000000	1
0.040320000000	-1
0.040640000000	1
0.040960000000	-1
0.041280000000	1
0.041600000000	-1
0.041920000000	1
0.042240000000	1
0.042560000000	-1
0.042880000000	-1
0.043200000000	1
0.043520000000	-1
0.043840000000	1
0.044160000000	1
0.044480000000	-1
0.044800000000	-1
0.045120000000	1
0.045440000000	-1
0.045760000000	1
0.046080000000	-1
0.046400000000	1
0.046720000000	1
0.047040000000	-1
0.047360000000	-1
0.047680000000	-1
0.048000000000	1
0.048320000000	1
0.048640000000	-1
0.048960000000	-1
0.049280000000	1
0.049600000000	-1
0.049920000000	-1
0.050240000000	1
0.050560000000	-1
0.050880000000	1
0.051200000000	-1
0.051520000000	-1
0.051840000000	1
0.052160000000	-1
0.052480000000	-1
0.052800000000	1
0.053120000000	-1
0.053440000000	-1
0.053760000000	1
0.054080000000	-1
0.054400000000	-1
0.054720000000	-1
0.055040000000	1
0.055360000000	-1
0.055680000000	1
0.056000000000	-1
0.056320000000	-1
0.056640000000	-1
0.056960000000	-1
0.057280000000	1
0.057600000000	1
0.057920000000	-1
0.058240000000	-1
0.058560000000	-1
0.058880000000	-1
0.059200000000	-1
0.059520000000	1
0.059840000000	-1
0.060160000000	-1
0.060480000000	1
0.060800000000	-1
0.061120000000	-1
0.061440000000	-1
0.061760000000	-1
0.062080000000	1
0.062400000000	-1
0.062720000000	-1
0.063040000000	-1
0.063360000000	-1
0.063680000000	1
0.064000000000	-1
0.064320000000	-1
0.064640000000	-1
0.064960000000	-1
0.065280000000	1
0.065600000000	-1
0.065920000000	-1
0.066240000000	-1
0.066560000000	-1
0.066880000000	1
0.067200000000	-1
0.067520000000	-1
0.067840000000	-1
0.068160000000	-1
0.068480000000	1
0.068800000000	-1
0.069120000000	-1
0.069440000000	-1
0.069760000000	-1
0.070080000000	1
0.070400000000	-1
0.070720000000	-1
0.071040000000	-1
0.071360000000	-1
0.071680000000	-1
0.072000000000	1
0.072320000000	-1
0.072640000000	-1
0.072960000000	-1
0.073280000000	-1
0.073600000000	-1
0.073920000000	1
0.074240000000	-1
0.074560000000	-1
0.074880000000	-1
0.075200000000	-1
0.075520000000	-1
0.075840000000	1
0.076160000000	-1
0.076480000000	-1
0.076800000000	-1
0.077120000000	-1
0.077440000000	1
0.077760000000	-1
0.078080000000	-1
0.078400000000	-1
0.078720000000	1
0.079040000000	-1
0.079360000000	-1
0.079680000000	-1
0.080000000000	-1
0.080320000000	1
0.080640000000	-1
0.080960000000	-1
0.081280000000	-1
0.081600000000	-1
0.081920000000	1
0.082240000000	-1
0.082560000000	-1
0.082880000000	-1
0.083200000000	1
0.083520000000	-1
0.083840000000	-1
0.084160000000	-1
0.084480000000	1
0.084800000000	-1
0.085120000000	-1
0.085440000000	1
0.085760000000	-1
0.086080000000	-1
0.086400000000	-1
0.086720000000	1
0.087040000000	-1
0.087360000000	-1
0.087680000000	1
0.088000000000	-1
0.088320000000	-1
0.088640000000	1
0.088960000000	-1
0.089280000000	-1
0.089600000000	1
0.089920000000	-1
0.090240000000	-1
0.090560000000	1
0.090880000000	-1
0.091200000000	-1
0.091520000000	1
0.091840000000	-1
0.092160000000	1
0.092480000000	-1
0.092800000000	-1
0.093120000000	1
0.093440000000	-1
0.093760000000	-1
0.094080000000	1
0.094400000000	1
0.094720000000	-1
0.095040000000	-1
0.095360000000	1
0.095680000000	-1
0.096000000000	-1
0.096320000000	1
0.096640000000	1
0.096960000000	-1
0.097280000000	1
0.097600000000	-1
0.097920000000	-1
0.098240000000	1
0.098560000000	-1
0.098880000000	1
0.099200000000	1
0.099520000000	-1
0.099840000000	1
0.100160000000	-1
0.100480000000	-1
0.100800000000	1
0.101120000000	1
0.101440000000	1
0.101760000000	-1
0.102080000000	-1
0.102400000000	1
0.102720000000	-1
0.103040000000	1
0.103360000000	1
0.103680000000	1
0.104000000000	-1
0.104320000000	-1
0.104640000000	1
0.104960000000	1
0.105280000000	1
0.105600000000	-1
0.105920000000	1
0.106240000000	-1
0.106560000000	1
0.106880000000	-1
0.107200000000	1
0.107520000000	1
0.107840000000	1
0.108160000000	-1
0.108480000000	1
0.108800000000	1
0.109120000000	-1
0.109440000000	1
0.109760000000	1
0.110080000000	1
0.110400000000	-1
0.110720000000	1
0.111040000000	-1
0.111360000000	1
0.111680000000	1
0.112000000000	1
0.112320000000	1
0.112640000000	-1
0.112960000000	1
0.113280000000	-1
0.113600000000	1
0.113920000000	1
0.114240000000	1
0.114560000000	1
0.114880000000	1
0.115200000000	-1
0.115520000000	1
0.115840000000	-1
0.116160000000	1
0.116480000000	1
0.116800000000	1
0.117120000000	1
0.117440000000	1
0.117760000000	1
0.118080000000	-1
0.118400000000	1
0.118720000000	1
0.119040000000	1
0.119360000000	1
0.119680000000	-1
0.120000000000	1
0.120320000000	1
0.120640000000	-1
0.120960000000	1
0.121280000000	1
0.121600000000	1
0.121920000000	1
0.122240000000	1
0.122560000000	1
0.122880000000	-1
0.123200000000	1
0.123520000000	1
0.123840000000	1
0.124160000000	1
0.124480000000	-1
0.124800000000	1
0.125120000000	1
0.125440000000	1
0.125760000000	1
0.126080000000	1
0.126400000000	-1
0.126720000000	1
0.127040000000	1
0.127360000000	1
0.127680000000	1
0.128000000000	1
0.128320000000	-1
0.128640000000	1
0.128960000000	1
0.129280000000	1
0.129600000000	1
0.129920000000	-1
0.130240000000	1
0.130560000000	1
0.130880000000	1
0.131200000000	1
0.131520000000	-1
0.131840000000	1
0.132160000000	1
0.132480000000	1
0.132800000000	1
0.133120000000	1
0.133440000000	-1
0.133760000000	1
0.134080000000	1
0.134400000000	1
0.134720000000	-1
0.135040000000	1
0.135360000000	1
0.135680000000	1
0.136000000000	1
0.136320000000	-1
0.136640000000	1
0.136960000000	1
0.137280000000	-1
0.137600000000	1
0.137920000000	1
0.138240000000	1
0.138560000000	1
0.138880000000	-1
0.139200000000	1
0.139520000000	1
0.139840000000	-1
0.140160000000	1
0.140480000000	1
0.140800000000	1
0.141120000000	1
0.141440000000	-1
0.141760000000	1
0.142080000000	-1
0.142400000000	1
0.142720000000	1
0.143040000000	1
0.143360000000	-1
0.143680000000	1
0.144000000000	-1
0.144320000000	1
0.144640000000	1
0.144960000000	-1
0.145280000000	1
0.145600000000	1
0.145920000000	-1
0.146240000000	1
0.146560000000	-1
0.146880000000	1
0.147200000000	1
0.147520000000	1
0.147840000000	-1
0.148160000000	1
0.148480000000	-1
0.148800000000	1
0.149120000000	-1
0.149440000000	1
0.149760000000	1
0.150080000000	-1
0.150400000000	-1
0.150720000000	1
0.151040000000	1
0.151360000000	-1
0.151680000000	1
0.152000000000	-1
0.152320000000	1
0.152640000000	-1
0.152960000000	1
0.153280000000	-1
0.153600000000	1
0.153920000000	-1
0.154240000000	1
0.154560000000	-1
0.154880000000	1
0.155200000000	-1
0.155520000000	1
0.155840000000	-1
0.156160000000	-1
0.156480000000	1
0.156800000000	-1
0.157120000000	1
0.157440000000	-1
0.157760000000	1
0.158080000000	-1
0.158400000000	-1
0.158720000000	1
0.159040000000	-1
0.159360000000	1
0.159680000000	-1
0.160000000000	-1
0.160320000000	1
0.160640000000	-1
0.160960000000	-1
0.161280000000	1
0.161600000000	-1
0.161920000000	1
0.162240000000	-1
0.162560000000	-1
0.162880000000	-1
0.163200000000	1
0.163520000000	-1
0.163840000000	1
0.164160000000	-1
0.164480000000	-1
0.164800000000	-1
0.165120000000	-1
0.165440000000	1
0.165760000000	-1
0.166080000000	1
0.166400000000	-1
0.166720000000	-1
0.167040000000	-1
0.167360000000	-1
0.167680000000	1
0.168000000000	-1
0.168320000000	-1
0.168640000000	1
0.168960000000	-1
0.169280000000	-1
0.169600000000	-1
0.169920000000	-1
0.170240000000	1
0.170560000000	-1
0.170880000000	-1
0.171200000000	1
0.171520000000	-1
0.171840000000	-1
0.172160000000	-1
0.172480000000	-1
0.172800000000	1
0.173120000000	-1
0.173440000000	-1
0.173760000000	-1
0.174080000000	-1
0.174400000000	-1
0.174720000000	1
0.175040000000	-1
0.175360000000	-1
0.175680000000	-1
0.176000000000	-1
0.176320000000	1
0.176640000000	-1
0.176960000000	-1
0.177280000000	-1
0.177600000000	-1
0.177920000000	1
0.178240000000	-1
0.178560000000	-1
0.178880000000	-1
0.179200000000	-1
0.179520000000	-1
0.179840000000	1
0.180160000000	-1
0.180480000000	-1
0.180800000000	-1
0.181120000000	-1
0.181440000000	1
0.181760000000	-1
0.182080000000	-1
0.182400000000	-1
0.182720000000	-1
0.183040000000	-1
0.183360000000	1
0.183680000000	-1
0.184000000000	-1
0.184320000000	-1
0.184640000000	-1
0.184960000000	-1
0.185280000000	1
0.185600000000	-1
0.185920000000	-1
0.186240000000	-1
0.186560000000	-1
0.186880000000	1
0.187200000000	-1
0.187520000000	-1
0.187840000000	-1
0.188160000000	1
0.188480000000	-1
0.188800000000	-1
0.189120000000	-1
0.189440000000	-1
0.189760000000	1
0.190080000000	-1
0.190400000000	-1
0.190720000000	-1
0.191040000000	-1
0.191360000000	1
0.191680000000	-1
0.192000000000	-1
0.192320000000	-1
0.192640000000	1
0.192960000000	-1
0.193280000000	-1
0.193600000000	-1
0.193920000000	1
0.194240000000	-1
0.194560000000	-1
0.194880000000	1
0.195200000000	-1
0.195520000000	-1
0.195840000000	1
0.196160000000	-1
0.196480000000	-1
0.196800000000	-1
0.197120000000	1
0.197440000000	-1
0.197760000000	-1
0.198080000000	1
0.198400000000	-1
0.198720000000	-1
0.199040000000	1
0.199360000000	-1
0.199680000000	1
0.200000000000	-1
0.200320000000	-1
0.200640000000	-1
0.200960000000	1
0.201280000000	-1
0.201600000000	1
0.201920000000	-1
0.202240000000	1
0.202560000000	-1
0.202880000000	-1
0.203200000000	-1
0.203520000000	1
0.203840000000	1
0.204160000000	-1
0.204480000000	-1
0.204800000000	1
0.205120000000	-1
0.205440000000	1
0.205760000000	-1
0.206080000000	1
0.206400000000	-1
0.206720000000	1
0.207040000000	-1
0.207360000000	1
0.207680000000	-1
0.208000000000	1
0.208320000000	-1
0.208640000000	1
0.208960000000	-1
0.209280000000	1
0.209600000000	-1
0.209920000000	1
0.210240000000	1
0.210560000000	-1
0.210880000000	-1
0.211200000000	1
0.211520000000	1
0.211840000000	-1
0.212160000000	1
0.212480000000	1
0.212800000000	-1
0.213120000000	-1
0.213440000000	1
0.213760000000	1
0.214080000000	1
0.214400000000	-1
0.214720000000	1
0.215040000000	-1
0.215360000000	1
0.215680000000	-1
0.216000000000	1
0.216320000000	1
0.216640000000	1
0.216960000000	-1
0.217280000000	1
0.217600000000	-1
0.217920000000	1
0.218240000000	1
0.218560000000	1
0.218880000000	1
0.219200000000	-1
0.219520000000	-1
0.219840000000	1
0.220160000000	1
0.220480000000	1
0.220800000000	1
0.221120000000	1
0.221440000000	-1
0.221760000000	-1
0.222080000000	1
0.222400000000	1
0.222720000000	1
0.223040000000	1
0.223360000000	1
0.223680000000	1
0.224000000000	-1
0.224320000000	-1
0.224640000000	1
0.224960000000	1
0.225280000000	1
0.225600000000	1
0.225920000000	1
0.226240000000	1
0.226560000000	-1
0.226880000000	1
0.227200000000	1
0.227520000000	1
0.227840000000	1
0.228160000000	-1
0.228480000000	1
0.228800000000	1
0.229120000000	-1
0.229440000000	1
0.229760000000	1
0.230080000000	1
0.230400000000	1
0.230720000000	1
0.231040000000	-1
0.231360000000	1
0.231680000000	1
0.232000000000	1
0.232320000000	1
0.232640000000	1
0.232960000000	-1
0.233280000000	1
0.233600000000	1
0.233920000000	1
0.234240000000	1
0.234560000000	1
0.234880000000	-1
0.235200000000	1
0.235520000000	1
0.235840000000	1
0.236160000000	1
0.236480000000	-1
0.236800000000	1
0.237120000000	1
0.237440000000	1
0.237760000000	1
0.238080000000	1
0.238400000000	-1
0.238720000000	1
0.239040000000	1
0.239360000000	1
0.239680000000	1
0.240000000000	-1
0.240320000000	1
0.240640000000	1
0.240960000000	1
0.241280000000	1
0.241600000000	1
0.241920000000	-1
0.242240000000	1
0.242560000000	1
0.242880000000	1
0.243200000000	1
0.243520000000	-1
0.243840000000	1
0.244160000000	1
0.244480000000	-1
0.244800000000	1
0.245120000000	1
0.245440000000	1
0.245760000000	1
0.246080000000	-1
0.246400000000	1
0.246720000000	1
0.247040000000	-1
0.247360000000	1
0.247680000000	1
0.248000000000	1
0.248320000000	1
0.248640000000	1
0.248960000000	-1
0.249280000000	1
0.249600000000	1
0.249920000000	-1
0.250240000000	1
0.250560000000	1
0.250880000000	1
0.251200000000	-1
0.251520000000	1
0.251840000000	-1
0.252160000000	1
0.252480000000	1
0.252800000000	-1
0.253120000000	1
0.253440000000	1
0.253760000000	-1
0.254080000000	1
0.254400000000	1
0.254720000000	-1
0.255040000000	1
0.255360000000	1
0.255680000000	-1
0.256000000000	1
0.256320000000	-1
0.256640000000	1
0.256960000000	1
0.257280000000	-1
0.257600000000	1
0.257920000000	1
0.258240000000	-1
0.258560000000	-1
0.258880000000	1
0.259200000000	1
0.259520000000	-1
0.259840000000	1
0.260160000000	-1
0.260480000000	1
0.260800000000	-1
0.261120000000	1
0.261440000000	1
0.261760000000	-1
0.262080000000	-1
0.262400000000	1
0.262720000000	-1
0.263040000000	1
0.263360000000	1
0.263680000000	-1
0.264000000000	-1
0.264320000000	1
0.264640000000	-1
0.264960000000	1
0.265280000000	-1
0.265600000000	1
0.265920000000	-1
0.266240000000	-1
0.266560000000	1
0.266880000000	-1
0.267200000000	1
0.267520000000	-1
0.267840000000	1
0.268160000000	-1
0.268480000000	-1
0.268800000000	1
0.269120000000	-1
0.269440000000	-1
0.269760000000	1
0.270080000000	-1
0.270400000000	1
0.270720000000	-1
0.271040000000	-1
0.271360000000	-1
0.271680000000	1
0.272000000000	-1
0.272320000000	1
0.272640000000	-1
0.272960000000	-1
0.273280000000	-1
0.273600000000	1
0.273920000000	-1
0.274240000000	1
0.274560000000	-1
0.274880000000	-1
0.275200000000	-1
0.275520000000	-1
0.275840000000	1
0.276160000000	-1
0.276480000000	-1
0.276800000000	1
0.277120000000	-1
0.277440000000	-1
0.277760000000	-1
0.278080000000	-1
0.278400000000	1
0.278720000000	-1
0.279040000000	-1
0.279360000000	1
0.279680000000	-1
0.280000000000	-1
0.280320000000	-1
0.280640000000	-1
0.280960000000	1
0.281280000000	-1
0.281600000000	-1
0.281920000000	1
0.282240000000	-1
0.282560000000	-1
0.282880000000	-1
0.283200000000	-1
0.283520000000	-1
0.283840000000	-1
0.284160000000	1
0.284480000000	-1
0.284800000000	-1
0.285120000000	-1
0.285440000000	-1
0.285760000000	1
0.286080000000	-1
0.286400000000	-1
0.286720000000	-1
0.287040000000	-1
0.287360000000	1
0.287680000000	-1
0.288000000000	-1
0.288320000000	-1
0.288640000000	-1
0.288960000000	-1
0.289280000000	1
0.289600000000	-1
0.289920000000	-1
0.290240000000	-1
0.290560000000	-1
0.290880000000	-1
0.291200000000	1
0.291520000000	-1
0.291840000000	-1
0.292160000000	-1
0.292480000000	-1
0.292800000000	1
0.293120000000	-1
0.293440000000	-1
0.293760000000	-1
0.294080000000	-1
0.294400000000	1
0.294720000000	-1
0.295040000000	-1
0.295360000000	-1
0.295680000000	-1
0.296000000000	-1
0.296320000000	1
0.296640000000	-1
0.296960000000	-1
0.297280000000	-1
0.297600000000	-1
0.297920000000	1
0.298240000000	-1
0.298560000000	-1
0.298880000000	1
0.299200000000	-1
0.299520000000	-1
0.299840000000	-1
0.300160000000	-1
0.300480000000	-1
0.300800000000	1
0.301120000000	-1
0.301440000000	-1
0.301760000000	-1
0.302080000000	1
0.302400000000	-1
0.302720000000	-1
0.303040000000	-1
0.303360000000	1
0.303680000000	-1
0.304000000000	1
0.304320000000	-1
0.304640000000	-1
0.304960000000	-1
0.305280000000	-1
0.305600000000	1
0.305920000000	1
0.306240000000	-1
0.306560000000	-1
0.306880000000	-1
0.307200000000	-1
0.307520000000	1
0.307840000000	-1
0.308160000000	1
0.308480000000	-1
0.308800000000	-1
0.309120000000	-1
0.309440000000	-1
0.309760000000	1
0.310080000000	1
0.310400000000	-1
0.310720000000	-1
0.311040000000	1
0.311360000000	-1
0.311680000000	-1
0.312000000000	1
0.312320000000	1
0.312640000000	-1
0.312960000000	-1
0.313280000000	1
0.313600000000	-1
0.313920000000	1
0.314240000000	-1
0.314560000000	1
0.314880000000	-1
0.315200000000	-1
0.315520000000	1
0.315840000000	1
0.316160000000	-1
0.316480000000	-1
0.316800000000	1
0.317120000000	-1
0.317440000000	1
0.317760000000	-1
0.318080000000	1
0.318400000000	1
0.318720000000	-1
0.319040000000	-1
0.319360000000	1
0.319680000000	1
0.320000000000	-1
0.320320000000	1
0.320640000000	-1
0.320960000000	1
0.321280000000	-1
0.321600000000	1
0.321920000000	1
0.322240000000	1
0.322560000000	-1
0.322880000000	-1
0.323200000000	1
0.323520000000	1
0.323840000000	-1
0.324160000000	1
0.324480000000	1
0.324800000000	-1
0.325120000000	1
0.325440000000	-1
0.325760000000	1
0.326080000000	1
0.326400000000	1
0.326720000000	1
0.327040000000	-1
0.327360000000	-1
0.327680000000	1
