0.000000000000	29403
0.000000016000	26708
0.000000032000	24543
0.000000048000	23127
0.000000064000	22613
0.000000080000	23060
0.000000096000	24421
0.000000112000	26559
0.000000128000	29268
0.000000144000	32285
0.000000160000	35338
0.000000176000	38146
0.000000192000	40461
0.000000208000	42082
0.000000224000	42869
0.000000240000	42758
0.000000256000	41763
0.000000272000	39975
0.000000288000	37549
0.000000304000	34697
0.000000320000	31671
0.000000336000	28729
0.000000352000	26132
0.000000368000	24103
0.000000384000	22820
0.000000400000	22393
0.000000416000	22861
0.000000432000	24180
0.000000448000	26242
0.000000464000	28866
0.000000480000	31828
0.000000496000	34873
0.000000512000	37737
0.000000528000	40175
0.000000544000	41977
0.000000560000	42987
0.000000576000	43120
0.000000592000	42363
0.000000608000	40783
0.000000624000	38514
0.000000640000	35752
0.000000656000	32736
0.000000672000	29722
0.000000688000	26973
0.000000704000	24727
0.000000720000	23175
0.000000736000	22453
0.000000752000	22620
0.000000768000	23662
0.000000784000	25491
0.000000800000	27949
0.000000816000	30823
0.000000832000	33866
0.000000848000	36816
0.000000864000	39420
0.000000880000	41454
0.000000896000	42743
0.000000912000	43173
0.000000928000	42712
0.000000944000	41395
0.000000960000	39339
0.000000976000	36718
0.000000992000	33763
0.000001008000	30719
0.000001024000	27854
0.000001040000	25413
0.000001056000	23610
0.000001072000	22598
0.000001088000	22465
0.000001104000	23222
0.000001120000	24804
0.000001136000	27073
0.000001152000	29832
0.000001168000	32849
0.000001184000	35861
0.000001200000	38608
0.000001216000	40854
0.000001232000	42406
0.000001248000	43130
0.000001264000	42965
0.000001280000	41923
0.000001296000	40095
0.000001312000	37639
0.000001328000	34766
0.000001344000	31721
0.000001360000	28770
0.000001376000	26165
0.000001392000	24131
0.000001408000	22843
0.000001424000	22413
0.000001440000	22876
0.000001456000	24193
0.000001472000	26252
0.000001488000	28872
0.000001504000	31831
0.000001520000	34873
0.000001536000	37736
0.000001552000	40172
0.000001568000	41974
0.000001584000	42984
0.000001600000	43117
0.000001616000	42361
0.000001632000	40780
0.000001648000	38512
0.000001664000	35751
0.000001680000	32735
0.000001696000	29724
0.000001712000	26977
0.000001728000	24732
0.000001744000	23180
0.000001760000	22457
0.000001776000	22623
0.000001792000	23665
0.000001808000	25494
0.000001824000	27951
0.000001840000	30825
0.000001856000	33868
0.000001872000	36819
0.000001888000	39423
0.000001904000	41458
0.000001920000	42745
0.000001936000	43176
0.000001952000	42713
0.000001968000	41395
0.000001984000	39335
0.000002000000	36714
0.000002016000	33753
0.000002032000	30710
0.000002048000	27849
0.000002064000	25412
0.000002080000	23612
0.000002096000	22600
0.000002112000	22468
0.000002128000	23222
0.000002144000	24803
0.000002160000	27070
0.000002176000	29832
0.000002192000	32850
0.000002208000	35863
0.000002224000	38611
0.000002240000	40858
0.000002256000	42410
0.000002272000	43134
0.000002288000	42967
0.000002304000	41923
0.000002320000	40093
0.000002336000	37637
0.000002352000	34761
0.000002368000	31718
0.000002384000	28764
0.000002400000	26156
0.000002416000	24119
0.000002432000	22829
0.000002448000	22398
0.000002464000	22862
0.000002480000	24182
0.000002496000	26242
0.000002512000	28864
0.000002528000	31826
0.000002544000	34868
0.000002560000	37734
0.000002576000	40172
0.000002592000	41976
0.000002608000	42988
0.000002624000	43121
0.000002640000	42365
0.000002656000	40784
0.000002672000	38516
0.000002688000	35755
0.000002704000	32737
0.000002720000	29724
0.000002736000	26973
0.000002752000	24724
0.000002768000	23170
0.000002784000	22445
0.000002800000	22611
0.000002816000	23655
0.000002832000	25485
0.000002848000	27943
0.000002864000	30818
0.000002880000	33862
0.000002896000	36814
0.000002912000	39419
0.000002928000	41453
0.000002944000	42740
0.000002960000	43170
0.000002976000	42709
0.000002992000	41390
0.000003008000	39335
0.000003024000	36715
0.000003040000	33758
0.000003056000	30719
0.000003072000	27856
0.000003088000	25420
0.000003104000	23616
0.000003120000	22605
0.000003136000	22472
0.000003152000	23228
0.000003168000	24808
0.000003184000	27076
0.000003200000	29836
0.000003216000	32850
0.000003232000	35859
0.000003248000	38605
0.000003264000	40850
0.000003280000	42401
0.000003296000	43125
0.000003312000	42959
0.000003328000	41917
0.000003344000	40088
0.000003360000	37633
0.000003376000	34760
0.000003392000	31718
0.000003408000	28763
0.000003424000	26155
0.000003440000	24120
0.000003456000	22832
0.000003472000	22402
0.000003488000	22867
0.000003504000	24185
0.000003520000	26244
0.000003536000	28865
0.000003552000	31823
0.000003568000	34864
0.000003584000	37727
0.000003600000	40163
0.000003616000	41965
0.000003632000	42976
0.000003648000	43109
0.000003664000	42353
0.000003680000	40774
0.000003696000	38508
0.000003712000	35748
0.000003728000	32735
0.000003744000	29724
0.000003760000	26977
0.000003776000	24731
0.000003792000	23180
0.000003808000	22457
0.000003824000	22624
0.000003840000	23667
0.000003856000	25495
0.000003872000	27951
0.000003888000	30824
0.000003904000	33865
0.000003920000	36814
0.000003936000	39416
0.000003952000	41450
0.000003968000	42737
0.000003984000	43169
0.000004000000	42708
0.000004016000	41393
0.000004032000	39335
0.000004048000	36715
0.000004064000	33757
0.000004080000	30716
0.000004096000	27854
0.000004112000	25418
0.000004128000	23617
0.000004144000	22607
0.000004160000	22475
0.000004176000	23230
0.000004192000	24810
0.000004208000	27076
0.000004224000	29835
0.000004240000	32851
0.000004256000	35860
0.000004272000	38608
0.000004288000	40855
0.000004304000	42408
0.000004320000	43132
0.000004336000	42967
0.000004352000	41925
0.000004368000	40096
0.000004384000	37639
0.000004400000	34765
0.000004416000	31722
0.000004432000	28772
0.000004448000	26168
0.000004464000	24136
0.000004480000	22850
0.000004496000	22421
0.000004512000	22884
0.000004528000	24202
0.000004544000	26258
0.000004560000	28876
0.000004576000	31833
0.000004592000	34873
0.000004608000	37735
0.000004624000	40169
0.000004640000	41969
0.000004656000	42978
0.000004672000	43111
0.000004688000	42354
0.000004704000	40775
0.000004720000	38509
0.000004736000	35748
0.000004752000	32734
0.000004768000	29725
0.000004784000	26981
0.000004800000	24736
0.000004816000	23188
0.000004832000	22466
0.000004848000	22632
0.000004864000	23673
0.000004880000	25499
0.000004896000	27955
0.000004912000	30826
0.000004928000	33867
0.000004944000	36815
0.000004960000	39417
0.000004976000	41449
0.000004992000	42736
0.000005008000	43166
0.000005024000	42702
0.000005040000	41384
0.000005056000	39327
0.000005072000	36707
0.000005088000	33750
0.000005104000	30711
0.000005120000	27852
0.000005136000	25418
0.000005152000	23619
0.000005168000	22610
0.000005184000	22479
0.000005200000	23234
0.000005216000	24813
0.000005232000	27078
0.000005248000	29837
0.000005264000	32848
0.000005280000	35858
0.000005296000	38602
0.000005312000	40847
0.000005328000	42398
0.000005344000	43120
0.000005360000	42952
0.000005376000	41910
0.000005392000	40084
0.000005408000	37631
0.000005424000	34759
0.000005440000	31719
0.000005456000	28770
0.000005472000	26169
0.000005488000	24138
0.000005504000	22853
0.000005520000	22424
0.000005536000	22886
0.000005552000	24202
0.000005568000	26258
0.000005584000	28876
0.000005600000	31832
0.000005616000	34874
0.000005632000	37737
0.000005648000	40172
0.000005664000	41972
0.000005680000	42981
0.000005696000	43113
0.000005712000	42355
0.000005728000	40775
0.000005744000	38507
0.000005760000	35747
0.000005776000	32733
0.000005792000	29725
0.000005808000	26981
0.000005824000	24739
0.000005840000	23191
0.000005856000	22468
0.000005872000	22634
0.000005888000	23675
0.000005904000	25501
0.000005920000	27954
0.000005936000	30826
0.000005952000	33866
0.000005968000	36814
0.000005984000	39415
0.000006000000	41446
0.000006016000	42731
0.000006032000	43160
0.000006048000	42698
0.000006064000	41382
0.000006080000	39327
0.000006096000	36708
0.000006112000	33752
0.000006128000	30713
0.000006144000	27854
0.000006160000	25419
0.000006176000	23621
0.000006192000	22612
0.000006208000	22480
0.000006224000	23236
0.000006240000	24815
0.000006256000	27081
0.000006272000	29837
0.000006288000	32850
0.000006304000	35857
0.000006320000	38602
0.000006336000	40845
0.000006352000	42396
0.000006368000	43118
0.000006384000	42952
0.000006400000	41910
0.000006416000	40084
0.000006432000	37631
0.000006448000	34758
0.000006464000	31716
0.000006480000	28767
0.000006496000	26166
0.000006512000	24136
0.000006528000	22851
0.000006544000	22423
0.000006560000	22885
0.000006576000	24202
0.000006592000	26257
0.000006608000	28877
0.000006624000	31831
0.000006640000	34873
0.000006656000	37736
0.000006672000	40173
0.000006688000	41973
0.000006704000	42982
0.000006720000	43114
0.000006736000	42357
0.000006752000	40776
0.000006768000	38509
0.000006784000	35749
0.000006800000	32736
0.000006816000	29727
0.000006832000	26984
0.000006848000	24740
0.000006864000	23190
0.000006880000	22467
0.000006896000	22633
0.000006912000	23673
0.000006928000	25500
0.000006944000	27955
0.000006960000	30825
0.000006976000	33865
0.000006992000	36812
0.000007008000	39414
0.000007024000	41445
0.000007040000	42732
0.000007056000	43162
0.000007072000	42700
0.000007088000	41385
0.000007104000	39329
0.000007120000	36710
0.000007136000	33753
0.000007152000	30712
0.000007168000	27852
0.000007184000	25418
0.000007200000	23619
0.000007216000	22611
0.000007232000	22479
0.000007248000	23235
0.000007264000	24812
0.000007280000	27078
0.000007296000	29837
0.000007312000	32850
0.000007328000	35857
0.000007344000	38600
0.000007360000	40843
0.000007376000	42392
0.000007392000	43115
0.000007408000	42948
0.000007424000	41908
0.000007440000	40081
0.000007456000	37628
0.000007472000	34758
0.000007488000	31717
0.000007504000	28769
0.000007520000	26167
0.000007536000	24135
0.000007552000	22849
0.000007568000	22419
0.000007584000	22882
0.000007600000	24198
0.000007616000	26252
0.000007632000	28871
0.000007648000	31829
0.000007664000	34871
0.000007680000	37733
0.000007696000	40170
0.000007712000	41971
0.000007728000	42981
0.000007744000	43112
0.000007760000	42356
0.000007776000	40775
0.000007792000	38509
0.000007808000	35750
0.000007824000	32737
0.000007840000	29728
0.000007856000	26984
0.000007872000	24741
0.000007888000	23191
0.000007904000	22468
0.000007920000	22634
0.000007936000	23675
0.000007952000	25501
0.000007968000	27956
0.000007984000	30827
0.000008000000	33866
0.000008016000	36813
0.000008032000	39413
0.000008048000	41443
0.000008064000	42729
0.000008080000	43159
0.000008096000	42696
0.000008112000	41380
0.000008128000	39325
0.000008144000	36708
0.000008160000	33752
0.000008176000	30713
0.000008192000	27853
0.000008208000	25419
0.000008224000	23620
0.000008240000	22612
0.000008256000	22481
0.000008272000	23238
0.000008288000	24817
0.000008304000	27082
0.000008320000	29840
0.000008336000	32852
0.000008352000	35859
0.000008368000	38601
0.000008384000	40844
0.000008400000	42393
0.000008416000	43116
0.000008432000	42951
0.000008448000	41911
0.000008464000	40084
0.000008480000	37630
0.000008496000	34758
0.000008512000	31717
0.000008528000	28769
0.000008544000	26168
0.000008560000	24138
0.000008576000	22853
0.000008592000	22424
0.000008608000	22886
0.000008624000	24202
0.000008640000	26259
0.000008656000	28877
0.000008672000	31832
0.000008688000	34872
0.000008704000	37731
0.000008720000	40166
0.000008736000	41965
0.000008752000	42974
0.000008768000	43106
0.000008784000	42351
0.000008800000	40771
0.000008816000	38505
0.000008832000	35747
0.000008848000	32736
0.000008864000	29728
0.000008880000	26984
0.000008896000	24740
0.000008912000	23190
0.000008928000	22468
0.000008944000	22634
0.000008960000	23675
0.000008976000	25501
0.000008992000	27954
0.000009008000	30825
0.000009024000	33865
0.000009040000	36812
0.000009056000	39412
0.000009072000	41443
0.000009088000	42729
0.000009104000	43158
0.000009120000	42695
0.000009136000	41378
0.000009152000	39322
0.000009168000	36705
0.000009184000	33751
0.000009200000	30711
0.000009216000	27852
0.000009232000	25418
0.000009248000	23619
0.000009264000	22611
0.000009280000	22480
0.000009296000	23237
0.000009312000	24815
0.000009328000	27081
0.000009344000	29838
0.000009360000	32849
0.000009376000	35856
0.000009392000	38599
0.000009408000	40841
0.000009424000	42391
0.000009440000	43113
0.000009456000	42947
0.000009472000	41906
0.000009488000	40081
0.000009504000	37627
0.000009520000	34757
0.000009536000	31718
0.000009552000	28771
0.000009568000	26171
0.000009584000	24141
0.000009600000	22857
0.000009616000	22426
0.000009632000	22889
0.000009648000	24206
0.000009664000	26262
0.000009680000	28879
0.000009696000	31834
0.000009712000	34865
0.000009728000	37632
0.000009744000	39697
0.000009760000	40652
0.000009776000	40253
0.000009792000	38490
0.000009808000	35571
0.000009824000	31842
0.000009840000	27687
0.000009856000	23451
0.000009872000	19403
0.000009888000	15726
0.000009904000	12541
0.000009920000	9902
0.000009936000	7851
0.000009952000	6464
0.000009968000	5850
0.000009984000	6139
0.000010000000	7476
0.000010016000	9925
0.000010032000	13378
0.000010048000	17553
0.000010064000	22054
0.000010080000	26452
0.000010096000	30358
0.000010112000	33461
0.000010128000	35561
0.000010144000	36570
0.000010160000	36506
0.000010176000	35491
0.000010192000	33721
0.000010208000	31448
0.000010224000	28954
0.000010240000	26531
0.000010256000	24445
0.000010272000	22926
0.000010288000	22144
0.000010304000	22194
0.000010320000	23094
0.000010336000	24787
0.000010352000	27135
0.000010368000	29947
0.000010384000	32989
0.000010400000	36000
0.000010416000	38729
0.000010432000	40940
0.000010448000	42445
0.000010464000	43117
0.000010480000	42897
0.000010496000	41807
0.000010512000	39938
0.000010528000	37453
0.000010544000	34566
0.000010560000	31527
0.000010576000	28596
0.000010592000	26026
0.000010608000	24040
0.000010624000	22808
0.000010640000	22434
0.000010656000	22953
0.000010672000	24318
0.000010688000	26413
0.000010704000	29059
0.000010720000	32026
0.000010736000	35060
0.000010752000	37899
0.000010768000	40298
0.000010784000	42050
0.000010800000	43004
0.000010816000	43081
0.000010832000	42272
0.000010848000	40646
0.000010864000	38342
0.000010880000	35561
0.000010896000	32540
0.000010912000	29543
0.000010928000	26825
0.000010944000	24621
0.000010960000	23122
0.000010976000	22454
0.000010992000	22678
0.000011008000	23772
0.000011024000	25642
0.000011040000	28128
0.000011056000	31017
0.000011072000	34057
0.000011088000	36990
0.000011104000	39561
0.000011120000	41549
0.000011136000	42782
0.000011152000	43155
0.000011168000	42638
0.000011184000	41271
0.000011200000	39175
0.000011216000	36530
0.000011232000	33564
0.000011248000	30530
0.000011264000	27688
0.000011280000	25288
0.000011296000	23534
0.000011312000	22579
0.000011328000	22504
0.000011344000	23314
0.000011360000	24940
0.000011376000	27243
0.000011392000	30023
0.000011408000	33042
0.000011424000	36039
0.000011440000	38755
0.000011456000	40959
0.000011472000	42458
0.000011488000	43126
0.000011504000	42903
0.000011520000	41811
0.000011536000	39940
0.000011552000	37455
0.000011568000	34567
0.000011584000	31526
0.000011600000	28593
0.000011616000	26022
0.000011632000	24033
0.000011648000	22799
0.000011664000	22426
0.000011680000	22946
0.000011696000	24314
0.000011712000	26410
0.000011728000	29056
0.000011744000	32024
0.000011760000	35059
0.000011776000	37897
0.000011792000	40295
0.000011808000	42047
0.000011824000	43002
0.000011840000	43078
0.000011856000	42268
0.000011872000	40644
0.000011888000	38341
0.000011904000	35562
0.000011920000	32542
0.000011936000	29543
0.000011952000	26824
0.000011968000	24618
0.000011984000	23117
0.000012000000	22448
0.000012016000	22671
0.000012032000	23764
0.000012048000	25636
0.000012064000	28123
0.000012080000	31011
0.000012096000	34053
0.000012112000	36986
0.000012128000	39556
0.000012144000	41545
0.000012160000	42779
0.000012176000	43151
0.000012192000	42633
0.000012208000	41267
0.000012224000	39171
0.000012240000	36527
0.000012256000	33561
0.000012272000	30527
0.000012288000	27689
0.000012304000	25290
0.000012320000	23537
0.000012336000	22582
0.000012352000	22506
0.000012368000	23317
0.000012384000	24943
0.000012400000	27244
0.000012416000	30024
0.000012432000	33044
0.000012448000	36041
0.000012464000	38758
0.000012480000	40962
0.000012496000	42461
0.000012512000	43128
0.000012528000	42905
0.000012544000	41810
0.000012560000	39940
0.000012576000	37454
0.000012592000	34568
0.000012608000	31527
0.000012624000	28596
0.000012640000	26024
0.000012656000	24036
0.000012672000	22802
0.000012688000	22428
0.000012704000	22947
0.000012720000	24315
0.000012736000	26412
0.000012752000	29058
0.000012768000	32026
0.000012784000	35059
0.000012800000	37898
0.000012816000	40298
0.000012832000	42051
0.000012848000	43005
0.000012864000	43082
0.000012880000	42271
0.000012896000	40645
0.000012912000	38342
0.000012928000	35560
0.000012944000	32541
0.000012960000	29541
0.000012976000	26822
0.000012992000	24618
0.000013008000	23118
0.000013024000	22453
0.000013040000	22676
0.000013056000	23770
0.000013072000	25639
0.000013088000	28127
0.000013104000	31015
0.000013120000	34059
0.000013136000	36992
0.000013152000	39564
0.000013168000	41552
0.000013184000	42785
0.000013200000	43157
0.000013216000	42637
0.000013232000	41270
0.000013248000	39173
0.000013264000	36525
0.000013280000	33557
0.000013296000	30523
0.000013312000	27685
0.000013328000	25286
0.000013344000	23534
0.000013360000	22579
0.000013376000	22504
0.000013392000	23314
0.000013408000	24941
0.000013424000	27244
0.000013440000	30024
0.000013456000	33045
0.000013472000	36043
0.000013488000	38763
0.000013504000	40967
0.000013520000	42468
0.000013536000	43134
0.000013552000	42911
0.000013568000	41815
0.000013584000	39945
0.000013600000	37459
0.000013616000	34572
0.000013632000	31530
0.000013648000	28598
0.000013664000	26026
0.000013680000	24037
0.000013696000	22803
0.000013712000	22428
0.000013728000	22947
0.000013744000	24313
0.000013760000	26410
0.000013776000	29058
0.000013792000	32027
0.000013808000	35061
0.000013824000	37900
0.000013840000	40301
0.000013856000	42053
0.000013872000	43010
0.000013888000	43086
0.000013904000	42275
0.000013920000	40647
0.000013936000	38343
0.000013952000	35562
0.000013968000	32540
0.000013984000	29541
0.000014000000	26821
0.000014016000	24617
0.000014032000	23116
0.000014048000	22449
0.000014064000	22674
0.000014080000	23769
0.000014096000	25640
0.000014112000	28128
0.000014128000	31018
0.000014144000	34062
0.000014160000	36994
0.000014176000	39565
0.000014192000	41553
0.000014208000	42787
0.000014224000	43160
0.000014240000	42640
0.000014256000	41271
0.000014272000	39173
0.000014288000	36526
0.000014304000	33557
0.000014320000	30521
0.000014336000	27681
0.000014352000	25282
0.000014368000	23529
0.000014384000	22575
0.000014400000	22500
0.000014416000	23312
0.000014432000	24939
0.000014448000	27242
0.000014464000	30026
0.000014480000	33046
0.000014496000	36046
0.000014512000	38764
0.000014528000	40968
0.000014544000	42469
0.000014560000	43135
0.000014576000	42911
0.000014592000	41816
0.000014608000	39944
0.000014624000	37455
0.000014640000	34567
0.000014656000	31524
0.000014672000	28591
0.000014688000	26019
0.000014704000	24030
0.000014720000	22797
0.000014736000	22424
0.000014752000	22945
0.000014768000	24313
0.000014784000	26412
0.000014800000	29060
0.000014816000	32029
0.000014832000	35064
0.000014848000	37904
0.000014864000	40303
0.000014880000	42056
0.000014896000	43012
0.000014912000	43086
0.000014928000	42276
0.000014944000	40647
0.000014960000	38343
0.000014976000	35560
0.000014992000	32538
0.000015008000	29538
0.000015024000	26818
0.000015040000	24613
0.000015056000	23112
0.000015072000	22445
0.000015088000	22669
0.000015104000	23764
0.000015120000	25637
0.000015136000	28124
0.000015152000	31014
0.000015168000	34061
0.000015184000	36998
0.000015200000	39573
0.000015216000	41563
0.000015232000	42798
0.000015248000	43171
0.000015264000	42651
0.000015280000	41283
0.000015296000	39184
0.000015312000	36535
0.000015328000	33563
0.000015344000	30526
0.000015360000	27683
0.000015376000	25280
0.000015392000	23526
0.000015408000	22569
0.000015424000	22493
0.000015440000	23305
0.000015456000	24935
0.000015472000	27241
0.000015488000	30025
0.000015504000	33047
0.000015520000	36047
0.000015536000	38767
0.000015552000	40973
0.000015568000	42473
0.000015584000	43140
0.000015600000	42917
0.000015616000	41822
0.000015632000	39950
0.000015648000	37459
0.000015664000	34568
0.000015680000	31524
0.000015696000	28589
0.000015712000	26016
0.000015728000	24028
0.000015744000	22794
0.000015760000	22420
0.000015776000	22941
0.000015792000	24311
0.000015808000	26411
0.000015824000	29057
0.000015840000	32028
0.000015856000	35068
0.000015872000	37914
0.000015888000	40318
0.000015904000	42074
0.000015920000	43030
0.000015936000	43105
0.000015952000	42291
0.000015968000	40661
0.000015984000	38354
0.000016000000	35570
0.000016016000	32547
0.000016032000	29546
0.000016048000	26825
0.000016064000	24618
0.000016080000	23115
0.000016096000	22448
0.000016112000	22671
0.000016128000	23766
0.000016144000	25639
0.000016160000	28128
0.000016176000	31019
0.000016192000	34062
0.000016208000	36996
0.000016224000	39569
0.000016240000	41557
0.000016256000	42790
0.000016272000	43163
0.000016288000	42643
0.000016304000	41275
0.000016320000	39176
0.000016336000	36528
0.000016352000	33557
0.000016368000	30520
0.000016384000	27680
