0.000000	32673
0.000064	32636
0.000128	32959
0.000192	33507
0.000256	33932
0.000320	34022
0.000384	33899
0.000448	33844
0.000512	33947
0.000576	34021
0.000640	33853
0.000704	33498
0.000768	33227
0.000832	33212
0.000896	33322
0.000960	33289
0.001024	33042
0.001088	32795
0.001152	32778
0.001216	32955
0.001280	33062
0.001344	32932
0.001408	32701
0.001472	32634
0.001536	32800
0.001600	32984
0.001664	32951
0.001728	32736
0.001792	32601
0.001856	32710
0.001920	32926
0.001984	32981
0.002048	32807
0.002112	32617
0.002176	32647
0.002240	32858
0.002304	32990
0.002368	32880
0.002432	32663
0.002496	32607
0.002560	32782
0.002624	32971
0.002688	32941
0.002752	32729
0.002816	32597
0.002880	32707
0.002944	32924
0.003008	32980
0.003072	32805
0.003136	32616
0.003200	32646
0.003264	32858
0.003328	32990
0.003392	32879
0.003456	32662
0.003520	32607
0.003584	32781
0.003648	32970
0.003712	32940
0.003776	32728
0.003840	32596
0.003904	32707
0.003968	32924
0.004032	32980
0.004096	32805
0.004160	32617
0.004224	32647
0.004288	32859
0.004352	32991
0.004416	32880
0.004480	32663
0.004544	32608
0.004608	32783
0.004672	32971
0.004736	32941
0.004800	32729
0.004864	32597
0.004928	32708
0.004992	32924
0.005056	32979
0.005120	32804
0.005184	32615
0.005248	32646
0.005312	32858
0.005376	32991
0.005440	32880
0.005504	32663
0.005568	32609
0.005632	32784
0.005696	32972
0.005760	32941
0.005824	32729
0.005888	32597
0.005952	32709
0.006016	32925
0.006080	32980
0.006144	32805
0.006208	32617
0.006272	32648
0.006336	32860
0.006400	32991
0.006464	32879
0.006528	32663
0.006592	32608
0.006656	32783
0.006720	32971
0.006784	32940
0.006848	32728
0.006912	32597
0.006976	32708
0.007040	32925
0.007104	32979
0.007168	32804
0.007232	32616
0.007296	32647
0.007360	32859
0.007424	32990
0.007488	32878
0.007552	32661
0.007616	32607
0.007680	32783
0.007744	32971
0.007808	32939
0.007872	32727
0.007936	32596
0.008000	32708
0.008064	32924
0.008128	32978
0.008192	32802
0.008256	32614
0.008320	32646
0.008384	32858
0.008448	32990
0.008512	32878
0.008576	32662
0.008640	32608
0.008704	32784
0.008768	32973
0.008832	32941
0.008896	32729
0.008960	32599
0.009024	32711
0.009088	32927
0.009152	32980
0.009216	32804
0.009280	32616
0.009344	32647
0.009408	32859
0.009472	32990
0.009536	32877
0.009600	32660
0.009664	32607
0.009728	32783
0.009792	32972
0.009856	32940
0.009920	32727
0.009984	32597
0.010048	32710
0.010112	32926
0.010176	32980
0.010240	32804
0.010304	32616
0.010368	32649
0.010432	32862
0.010496	32993
0.010560	32881
0.010624	32665
0.010688	32612
0.010752	32788
0.010816	32975
0.010880	32942
0.010944	32728
0.011008	32597
0.011072	32709
0.011136	32925
0.011200	32978
0.011264	32801
0.011328	32614
0.011392	32647
0.011456	32860
0.011520	32991
0.011584	32878
0.011648	32662
0.011712	32609
0.011776	32785
0.011840	32972
0.011904	32939
0.011968	32726
0.012032	32596
0.012096	32709
0.012160	32926
0.012224	32978
0.012288	32802
0.012352	32615
0.012416	32648
0.012480	32861
0.012544	32991
0.012608	32877
0.012672	32661
0.012736	32609
0.012800	32786
0.012864	32973
0.012928	32939
0.012992	32726
0.013056	32596
0.013120	32710
0.013184	32926
0.013248	32978
0.013312	32801
0.013376	32613
0.013440	32647
0.013504	32860
0.013568	32989
0.013632	32875
0.013696	32657
0.013760	32604
0.013824	32780
0.013888	32967
0.013952	32934
0.014016	32721
0.014080	32592
0.014144	32707
0.014208	32924
0.014272	32976
0.014336	32800
0.014400	32613
0.014464	32648
0.014528	32862
0.014592	32991
0.014656	32878
0.014720	32661
0.014784	32610
0.014848	32787
0.014912	32974
0.014976	32939
0.015040	32726
0.015104	32597
0.015168	32711
0.015232	32927
0.015296	32979
0.015360	32802
0.015424	32615
0.015488	32649
0.015552	32862
0.015616	32991
0.015680	32877
0.015744	32661
0.015808	32609
0.015872	32786
0.015936	32973
0.016000	32938
0.016064	32725
0.016128	32596
0.016192	32711
0.016256	32927
0.016320	32978
0.016384	32801
0.016448	32614
0.016512	32648
0.016576	32861
0.016640	32990
0.016704	32875
0.016768	32659
0.016832	32608
0.016896	32786
0.016960	32973
0.017024	32939
0.017088	32726
0.017152	32598
0.017216	32713
0.017280	32929
0.017344	32980
0.017408	32802
0.017472	32616
0.017536	32650
0.017600	32864
0.017664	32992
0.017728	32877
0.017792	32661
0.017856	32610
0.017920	32788
0.017984	32975
0.018048	32940
0.018112	32727
0.018176	32599
0.018240	32714
0.018304	32931
0.018368	32981
0.018432	32803
0.018496	32617
0.018560	32651
0.018624	32864
0.018688	32992
0.018752	32876
0.018816	32659
0.018880	32608
0.018944	32785
0.019008	32971
0.019072	32935
0.019136	32722
0.019200	32595
0.019264	32711
0.019328	32927
0.019392	32978
0.019456	32801
0.019520	32615
0.019584	32651
0.019648	32864
0.019712	32991
0.019776	32875
0.019840	32659
0.019904	32609
0.019968	32786
0.020032	32972
0.020096	32936
0.020160	32723
0.020224	32596
0.020288	32711
0.020352	32927
0.020416	32977
0.020480	32799
0.020544	32613
0.020608	32649
0.020672	32862
0.020736	32989
0.020800	32874
0.020864	32658
0.020928	32608
0.020992	32787
0.021056	32973
0.021120	32937
0.021184	32723
0.021248	32596
0.021312	32712
0.021376	32928
0.021440	32978
0.021504	32799
0.021568	32614
0.021632	32650
0.021696	32863
0.021760	32991
0.021824	32874
0.021888	32659
0.021952	32609
0.022016	32788
0.022080	32973
0.022144	32936
0.022208	32723
0.022272	32596
0.022336	32712
0.022400	32927
0.022464	32976
0.022528	32797
0.022592	32612
0.022656	32649
0.022720	32862
0.022784	32989
0.022848	32873
0.022912	32657
0.022976	32609
0.023040	32788
0.023104	32973
0.023168	32937
0.023232	32724
0.023296	32597
0.023360	32714
0.023424	32929
0.023488	32977
0.023552	32799
0.023616	32613
0.023680	32650
0.023744	32863
0.023808	32989
0.023872	32873
0.023936	32657
0.024000	32608
0.024064	32786
0.024128	32972
0.024192	32934
0.024256	32721
0.024320	32595
0.024384	32712
0.024448	32928
0.024512	32976
0.024576	32797
0.024640	32613
0.024704	32650
0.024768	32863
0.024832	32990
0.024896	32873
0.024960	32657
0.025024	32609
0.025088	32788
0.025152	32973
0.025216	32936
0.025280	32722
0.025344	32596
0.025408	32713
0.025472	32929
0.025536	32977
0.025600	32798
0.025664	32613
0.025728	32650
0.025792	32863
0.025856	32989
0.025920	32872
0.025984	32657
0.026048	32609
0.026112	32789
0.026176	32974
0.026240	32936
0.026304	32723
0.026368	32597
0.026432	32715
0.026496	32930
0.026560	32977
0.026624	32798
0.026688	32613
0.026752	32651
0.026816	32865
0.026880	32990
0.026944	32872
0.027008	32657
0.027072	32610
0.027136	32789
0.027200	32974
0.027264	32935
0.027328	32722
0.027392	32597
0.027456	32715
0.027520	32930
0.027584	32977
0.027648	32798
0.027712	32613
0.027776	32651
0.027840	32865
0.027904	32990
0.027968	32872
0.028032	32656
0.028096	32609
0.028160	32789
0.028224	32973
0.028288	32934
0.028352	32721
0.028416	32595
0.028480	32714
0.028544	32929
0.028608	32976
0.028672	32796
0.028736	32612
0.028800	32651
0.028864	32865
0.028928	32990
0.028992	32872
0.029056	32657
0.029120	32610
0.029184	32790
0.029248	32974
0.029312	32935
0.029376	32721
0.029440	32596
0.029504	32715
0.029568	32930
0.029632	32976
0.029696	32796
0.029760	32612
0.029824	32651
0.029888	32865
0.029952	32990
0.030016	32871
0.030080	32656
0.030144	32609
0.030208	32789
0.030272	32973
0.030336	32934
0.030400	32720
0.030464	32595
0.030528	32714
0.030592	32930
0.030656	32977
0.030720	32797
0.030784	32613
0.030848	32653
0.030912	32867
0.030976	32992
0.031040	32872
0.031104	32657
0.031168	32610
0.031232	32790
0.031296	32974
0.031360	32934
0.031424	32720
0.031488	32595
0.031552	32714
0.031616	32929
0.031680	32975
0.031744	32795
0.031808	32611
0.031872	32651
0.031936	32865
0.032000	32990
0.032064	32871
0.032128	32655
0.032192	32610
0.032256	32791
0.032320	32975
0.032384	32935
0.032448	32720
0.032512	32596
0.032576	32715
0.032640	32931
0.032704	32976
0.032768	32796
0.032832	32612
0.032896	32653
0.032960	32867
0.033024	32992
0.033088	32872
0.033152	32657
0.033216	32612
0.033280	32792
0.033344	32976
0.033408	32935
0.033472	32719
0.033536	32595
0.033600	32714
0.033664	32929
0.033728	32973
0.033792	32792
0.033856	32609
0.033920	32650
0.033984	32865
0.034048	32989
0.034112	32869
0.034176	32654
0.034240	32609
0.034304	32791
0.034368	32974
0.034432	32933
0.034496	32719
0.034560	32596
0.034624	32716
0.034688	32931
0.034752	32976
0.034816	32795
0.034880	32612
0.034944	32653
0.035008	32867
0.035072	32991
0.035136	32871
0.035200	32655
0.035264	32611
0.035328	32792
0.035392	32975
0.035456	32934
0.035520	32719
0.035584	32596
0.035648	32717
0.035712	32932
0.035776	32977
0.035840	32795
0.035904	32612
0.035968	32652
0.036032	32867
0.036096	32990
0.036160	32869
0.036224	32654
0.036288	32610
0.036352	32791
0.036416	32975
0.036480	32933
0.036544	32719
0.036608	32596
0.036672	32717
0.036736	32932
0.036800	32976
0.036864	32793
0.036928	32610
0.036992	32651
0.037056	32865
0.037120	32987
0.037184	32866
0.037248	32652
0.037312	32608
0.037376	32790
0.037440	32973
0.037504	32932
0.037568	32717
0.037632	32595
0.037696	32717
0.037760	32932
0.037824	32977
0.037888	32796
0.037952	32613
0.038016	32656
0.038080	32871
0.038144	32993
0.038208	32872
0.038272	32658
0.038336	32614
0.038400	32796
0.038464	32978
0.038528	32935
0.038592	32721
0.038656	32598
0.038720	32719
0.038784	32934
0.038848	32977
0.038912	32795
0.038976	32612
0.039040	32655
0.039104	32869
0.039168	32992
0.039232	32870
0.039296	32656
0.039360	32613
0.039424	32795
0.039488	32977
0.039552	32934
0.039616	32720
0.039680	32598
0.039744	32719
0.039808	32934
0.039872	32978
0.039936	32796
0.040000	32614
0.040064	32656
0.040128	32871
0.040192	32992
0.040256	32870
0.040320	32656
0.040384	32613
0.040448	32795
0.040512	32977
0.040576	32934
0.040640	32718
0.040704	32597
0.040768	32718
0.040832	32932
0.040896	32975
0.040960	32792
0.041024	32610
0.041088	32653
0.041152	32868
0.041216	32989
0.041280	32868
0.041344	32653
0.041408	32611
0.041472	32793
0.041536	32975
0.041600	32932
0.041664	32717
0.041728	32595
0.041792	32717
0.041856	32932
0.041920	32974
0.041984	32792
0.042048	32610
0.042112	32653
0.042176	32868
0.042240	32989
0.042304	32867
0.042368	32652
0.042432	32611
0.042496	32793
0.042560	32975
0.042624	32931
0.042688	32717
0.042752	32596
0.042816	32718
0.042880	32933
0.042944	32974
0.043008	32792
0.043072	32610
0.043136	32654
0.043200	32868
0.043264	32989
0.043328	32866
0.043392	32652
0.043456	32610
0.043520	32793
0.043584	32974
0.043648	32931
0.043712	32716
0.043776	32595
0.043840	32718
0.043904	32932
0.043968	32974
0.044032	32791
0.044096	32610
0.044160	32654
0.044224	32869
0.044288	32990
0.044352	32867
0.044416	32653
0.044480	32611
0.044544	32794
0.044608	32975
0.044672	32931
0.044736	32716
0.044800	32596
0.044864	32719
0.044928	32934
0.044992	32975
0.045056	32792
0.045120	32611
0.045184	32656
0.045248	32871
0.045312	32991
0.045376	32868
0.045440	32653
0.045504	32612
0.045568	32795
0.045632	32976
0.045696	32931
0.045760	32716
0.045824	32596
0.045888	32719
0.045952	32934
0.046016	32974
0.046080	32791
0.046144	32611
0.046208	32655
0.046272	32870
0.046336	32990
0.046400	32867
0.046464	32652
0.046528	32612
0.046592	32795
0.046656	32976
0.046720	32931
0.046784	32716
0.046848	32596
0.046912	32720
0.046976	32934
0.047040	32974
0.047104	32791
0.047168	32610
0.047232	32655
0.047296	32871
0.047360	32991
0.047424	32867
0.047488	32653
0.047552	32613
0.047616	32797
0.047680	32977
0.047744	32932
0.047808	32717
0.047872	32597
0.047936	32721
0.048000	32935
0.048064	32975
0.048128	32791
0.048192	32611
0.048256	32656
0.048320	32871
0.048384	32990
0.048448	32866
0.048512	32652
0.048576	32612
0.048640	32796
0.048704	32977
0.048768	32931
0.048832	32716
0.048896	32597
0.048960	32721
0.049024	32936
0.049088	32975
0.049152	32791
0.049216	32611
0.049280	32656
0.049344	32872
0.049408	32990
0.049472	32866
0.049536	32651
0.049600	32612
0.049664	32796
0.049728	32976
0.049792	32930
0.049856	32715
0.049920	32596
0.049984	32721
0.050048	32935
0.050112	32975
0.050176	32791
0.050240	32611
0.050304	32657
0.050368	32872
0.050432	32990
0.050496	32865
0.050560	32651
0.050624	32611
0.050688	32795
0.050752	32976
0.050816	32929
0.050880	32714
0.050944	32596
0.051008	32721
0.051072	32935
0.051136	32974
0.051200	32790
0.051264	32610
0.051328	32657
0.051392	32872
0.051456	32991
0.051520	32866
0.051584	32651
0.051648	32612
0.051712	32796
0.051776	32975
0.051840	32928
0.051904	32712
0.051968	32594
0.052032	32719
0.052096	32934
0.052160	32973
0.052224	32790
0.052288	32610
0.052352	32658
0.052416	32874
0.052480	32992
0.052544	32867
0.052608	32653
0.052672	32615
0.052736	32800
0.052800	32979
0.052864	32932
0.052928	32717
0.052992	32599
0.053056	32724
0.053120	32938
0.053184	32976
0.053248	32791
0.053312	32611
0.053376	32658
0.053440	32874
0.053504	32992
0.053568	32867
0.053632	32654
0.053696	32616
0.053760	32801
0.053824	32980
0.053888	32933
0.053952	32717
0.054016	32599
0.054080	32725
0.054144	32939
0.054208	32977
0.054272	32792
0.054336	32613
0.054400	32661
0.054464	32876
0.054528	32993
0.054592	32867
0.054656	32652
0.054720	32613
0.054784	32798
0.054848	32977
0.054912	32929
0.054976	32713
0.055040	32596
0.055104	32722
0.055168	32936
0.055232	32973
0.055296	32787
0.055360	32607
0.055424	32655
0.055488	32871
0.055552	32988
0.055616	32862
0.055680	32649
0.055744	32612
0.055808	32797
0.055872	32976
0.055936	32929
0.056000	32713
0.056064	32596
0.056128	32723
0.056192	32937
0.056256	32974
0.056320	32789
0.056384	32610
0.056448	32659
0.056512	32874
0.056576	32991
0.056640	32865
0.056704	32651
0.056768	32614
0.056832	32799
0.056896	32978
0.056960	32929
0.057024	32713
0.057088	32596
0.057152	32723
0.057216	32937
0.057280	32974
0.057344	32789
0.057408	32610
0.057472	32659
0.057536	32875
0.057600	32992
0.057664	32865
0.057728	32652
0.057792	32615
0.057856	32800
0.057920	32979
0.057984	32930
0.058048	32714
0.058112	32597
0.058176	32724
0.058240	32938
0.058304	32974
0.058368	32789
0.058432	32610
0.058496	32659
0.058560	32875
0.058624	32992
0.058688	32865
0.058752	32651
0.058816	32615
0.058880	32800
0.058944	32978
0.059008	32929
0.059072	32713
0.059136	32597
0.059200	32724
0.059264	32937
0.059328	32973
0.059392	32788
0.059456	32609
0.059520	32658
0.059584	32874
0.059648	32989
0.059712	32862
0.059776	32649
0.059840	32613
0.059904	32798
0.059968	32977
0.060032	32927
0.060096	32712
0.060160	32596
0.060224	32724
0.060288	32937
0.060352	32973
0.060416	32787
0.060480	32609
0.060544	32659
0.060608	32874
0.060672	32990
0.060736	32862
0.060800	32649
0.060864	32613
0.060928	32799
0.060992	32977
0.061056	32927
0.061120	32711
0.061184	32595
0.061248	32723
0.061312	32936
0.061376	32972
0.061440	32786
0.061504	32608
0.061568	32659
0.061632	32875
0.061696	32991
0.061760	32863
0.061824	32650
0.061888	32615
0.061952	32801
0.062016	32978
0.062080	32928
0.062144	32711
0.062208	32596
0.062272	32724
0.062336	32937
0.062400	32972
0.062464	32786
0.062528	32608
0.062592	32658
0.062656	32874
0.062720	32989
0.062784	32861
0.062848	32649
0.062912	32614
0.062976	32800
0.063040	32977
0.063104	32927
0.063168	32711
0.063232	32596
0.063296	32724
0.063360	32937
0.063424	32972
0.063488	32786
0.063552	32608
0.063616	32659
0.063680	32875
0.063744	32990
0.063808	32861
0.063872	32648
0.063936	32614
0.064000	32800
0.064064	32978
0.064128	32927
0.064192	32711
0.064256	32596
0.064320	32724
0.064384	32937
0.064448	32971
0.064512	32785
0.064576	32608
0.064640	32659
0.064704	32875
0.064768	32989
0.064832	32860
0.064896	32648
0.064960	32614
0.065024	32801
0.065088	32979
0.065152	32929
0.065216	32713
0.065280	32599
0.065344	32728
0.065408	32940
0.065472	32974
0.065536	32787
