0.000000	0
0.000128	0
0.000256	1
0.000384	1
0.000512	1
0.000640	0
0.000768	1
0.000896	1
0.001024	0
0.001152	1
0.001280	0
0.001408	1
0.001536	1
0.001664	0
0.001792	0
0.001920	1
0.002048	0
0.002176	0
0.002304	1
0.002432	0
0.002560	1
0.002688	0
0.002816	1
0.002944	1
0.003072	0
0.003200	0
0.003328	0
0.003456	0
0.003584	1
0.003712	0
0.003840	1
0.003968	0
0.004096	0
0.004224	0
0.004352	1
0.004480	0
0.004608	0
0.004736	0
0.004864	1
0.004992	1
0.005120	0
0.005248	1
0.005376	1
0.005504	0
0.005632	1
0.005760	0
0.005888	1
0.006016	0
0.006144	0
0.006272	1
0.006400	0
0.006528	0
0.006656	0
0.006784	0
0.006912	1
0.007040	1
0.007168	1
0.007296	1
0.007424	0
0.007552	1
0.007680	1
0.007808	0
0.007936	1
0.008064	1
0.008192	0
0.008320	0
0.008448	0
0.008576	0
0.008704	1
0.008832	0
0.008960	0
0.009088	1
0.009216	0
0.009344	1
0.009472	1
0.009600	0
0.009728	0
0.009856	0
0.009984	0
0.010112	1
0.010240	0
0.010368	0
0.010496	0
0.010624	1
0.010752	1
0.010880	0
0.011008	0
0.011136	0
0.011264	0
0.011392	0
0.011520	1
0.011648	0
0.011776	1
0.011904	1
0.012032	1
0.012160	0
0.012288	1
0.012416	1
0.012544	1
0.012672	0
0.012800	1
0.012928	1
0.013056	1
0.013184	1
0.013312	0
0.013440	1
0.013568	0
0.013696	0
0.013824	1
0.013952	1
0.014080	0
0.014208	0
0.014336	0
0.014464	1
0.014592	1
0.014720	0
0.014848	1
0.014976	0
0.015104	1
0.015232	1
0.015360	0
0.015488	1
0.015616	0
0.015744	0
0.015872	1
0.016000	0
0.016128	1
0.016256	0
0.016384	0
0.016512	1
0.016640	1
0.016768	1
0.016896	0
0.017024	1
0.017152	1
0.017280	1
0.017408	1
0.017536	1
0.017664	1
0.017792	1
0.017920	1
0.018048	0
0.018176	0
0.018304	1
0.018432	0
0.018560	1
0.018688	1
0.018816	0
0.018944	1
0.019072	0
0.019200	1
0.019328	1
0.019456	0
0.019584	1
0.019712	1
0.019840	0
0.019968	1
0.020096	0
0.020224	1
0.020352	1
0.020480	1
0.020608	1
0.020736	0
0.020864	1
0.020992	1
0.021120	0
0.021248	0
0.021376	1
0.021504	0
0.021632	1
0.021760	1
0.021888	0
0.022016	0
0.022144	0
0.022272	1
0.022400	1
0.022528	0
0.022656	1
0.022784	1
0.022912	0
0.023040	0
0.023168	0
0.023296	0
0.023424	0
0.023552	1
0.023680	1
0.023808	1
0.023936	0
0.024064	1
0.024192	0
0.024320	1
0.024448	1
0.024576	1
0.024704	1
0.024832	0
0.024960	0
0.025088	1
0.025216	0
0.025344	1
0.025472	1
0.025600	0
0.025728	0
0.025856	1
0.025984	0
0.026112	1
0.026240	0
0.026368	1
0.026496	0
0.026624	0
0.026752	0
0.026880	1
0.027008	0
0.027136	1
0.027264	0
0.027392	1
0.027520	1
0.027648	0
0.027776	0
0.027904	1
0.028032	0
0.028160	0
0.028288	0
0.028416	1
0.028544	0
0.028672	0
0.028800	1
0.028928	1
0.029056	0
0.029184	1
0.029312	0
0.029440	0
0.029568	1
0.029696	0
0.029824	1
0.029952	0
0.030080	1
0.030208	1
0.030336	1
0.030464	0
0.030592	1
0.030720	0
0.030848	1
0.030976	0
0.031104	0
0.031232	1
0.031360	0
0.031488	0
0.031616	1
0.031744	0
0.031872	1
0.032000	1
0.032128	0
0.032256	1
0.032384	0
0.032512	1
0.032640	1
0.032768	0
0.032896	1
0.033024	1
0.033152	0
0.033280	0
0.033408	0
0.033536	1
0.033664	1
0.033792	0
0.033920	1
0.034048	1
0.034176	1
0.034304	1
0.034432	0
0.034560	1
0.034688	1
0.034816	0
0.034944	1
0.035072	0
0.035200	0
0.035328	1
0.035456	0
0.035584	0
0.035712	1
0.035840	0
0.035968	1
0.036096	1
0.036224	0
0.036352	1
0.036480	1
0.036608	1
0.036736	1
0.036864	0
0.036992	1
0.037120	0
0.037248	1
0.037376	0
0.037504	1
0.037632	0
0.037760	0
0.037888	0
0.038016	1
0.038144	1
0.038272	0
0.038400	1
0.038528	1
0.038656	1
0.038784	1
0.038912	0
0.039040	1
0.039168	1
0.039296	0
0.039424	1
0.039552	0
0.039680	1
0.039808	0
0.039936	0
0.040064	1
0.040192	1
0.040320	0
0.040448	1
0.040576	0
0.040704	1
0.040832	0
0.040960	1
0.041088	0
0.041216	1
0.041344	1
0.041472	1
0.041600	0
0.041728	1
0.041856	1
0.041984	0
0.042112	1
0.042240	0
0.042368	0
0.042496	1
0.042624	0
0.042752	0
0.042880	1
0.043008	0
0.043136	1
0.043264	1
0.043392	1
0.043520	1
0.043648	0
0.043776	1
0.043904	1
0.044032	1
0.044160	1
0.044288	0
0.044416	1
0.044544	1
0.044672	0
0.044800	0
0.044928	1
0.045056	1
0.045184	1
0.045312	1
0.045440	0
0.045568	0
0.045696	1
0.045824	1
0.045952	0
0.046080	1
0.046208	1
0.046336	0
0.046464	1
0.046592	1
0.046720	1
0.046848	1
0.046976	1
0.047104	0
0.047232	1
0.047360	0
0.047488	0
0.047616	1
0.047744	0
0.047872	0
0.048000	1
0.048128	1
0.048256	0
0.048384	0
0.048512	1
0.048640	1
0.048768	0
0.048896	1
0.049024	0
0.049152	0
0.049280	1
0.049408	1
0.049536	0
0.049664	1
0.049792	0
0.049920	0
0.050048	1
0.050176	0
0.050304	1
0.050432	1
0.050560	1
0.050688	1
0.050816	0
0.050944	0
0.051072	1
0.051200	1
0.051328	1
0.051456	1
0.051584	0
0.051712	1
0.051840	1
0.051968	0
0.052096	1
0.052224	0
0.052352	1
0.052480	1
0.052608	1
0.052736	1
0.052864	1
0.052992	1
0.053120	1
0.053248	0
0.053376	1
0.053504	1
0.053632	1
0.053760	1
0.053888	1
0.054016	0
0.054144	1
0.054272	0
0.054400	1
0.054528	1
0.054656	0
0.054784	0
0.054912	0
0.055040	1
0.055168	0
0.055296	0
0.055424	1
0.055552	1
0.055680	0
0.055808	1
0.055936	0
0.056064	0
0.056192	1
0.056320	0
0.056448	1
0.056576	1
0.056704	0
0.056832	1
0.056960	0
0.057088	1
0.057216	1
0.057344	0
0.057472	1
0.057600	0
0.057728	1
0.057856	1
0.057984	0
0.058112	1
0.058240	0
0.058368	0
0.058496	1
0.058624	0
0.058752	0
0.058880	1
0.059008	0
0.059136	0
0.059264	0
0.059392	0
0.059520	1
0.059648	1
0.059776	1
0.059904	1
0.060032	0
0.060160	0
0.060288	1
0.060416	0
0.060544	1
0.060672	0
0.060800	1
0.060928	1
0.061056	0
0.061184	1
0.061312	1
0.061440	0
0.061568	0
0.061696	1
0.061824	1
0.061952	0
0.062080	0
0.062208	0
0.062336	1
0.062464	1
0.062592	1
0.062720	0
0.062848	1
0.062976	0
0.063104	1
0.063232	0
0.063360	1
0.063488	0
0.063616	1
0.063744	0
0.063872	0
0.064000	1
0.064128	1
0.064256	1
0.064384	1
0.064512	0
0.064640	1
0.064768	0
0.064896	0
0.065024	1
0.065152	0
0.065280	0
0.065408	1
0.065536	0
0.065664	1
0.065792	0
0.065920	0
0.066048	1
0.066176	1
0.066304	0
0.066432	1
0.066560	0
0.066688	1
0.066816	0
0.066944	0
0.067072	0
0.067200	0
0.067328	1
0.067456	1
0.067584	0
0.067712	1
0.067840	0
0.067968	1
0.068096	0
0.068224	0
0.068352	0
0.068480	1
0.068608	0
0.068736	1
0.068864	1
0.068992	1
0.069120	1
0.069248	0
0.069376	0
0.069504	1
0.069632	0
0.069760	1
0.069888	0
0.070016	0
0.070144	1
0.070272	0
0.070400	1
0.070528	1
0.070656	0
0.070784	0
0.070912	0
0.071040	1
0.071168	1
0.071296	0
0.071424	1
0.071552	1
0.071680	0
0.071808	1
0.071936	0
0.072064	1
0.072192	1
0.072320	0
0.072448	0
0.072576	0
0.072704	0
0.072832	0
0.072960	0
0.073088	1
0.073216	1
0.073344	0
0.073472	1
0.073600	1
0.073728	1
0.073856	1
0.073984	0
0.074112	1
0.074240	1
0.074368	0
0.074496	1
0.074624	0
0.074752	0
0.074880	1
0.075008	0
0.075136	0
0.075264	1
0.075392	1
0.075520	1
0.075648	0
0.075776	1
0.075904	1
0.076032	1
0.076160	0
0.076288	1
0.076416	0
0.076544	0
0.076672	1
0.076800	0
0.076928	0
0.077056	1
0.077184	0
0.077312	1
0.077440	0
0.077568	0
0.077696	0
0.077824	0
0.077952	1
0.078080	0
0.078208	0
0.078336	0
0.078464	0
0.078592	0
0.078720	1
0.078848	0
0.078976	1
0.079104	0
0.079232	0
0.079360	1
0.079488	0
0.079616	0
0.079744	0
0.079872	0
0.080000	1
0.080128	0
0.080256	0
0.080384	1
0.080512	1
0.080640	0
0.080768	1
0.080896	1
0.081024	0
0.081152	0
0.081280	0
0.081408	1
0.081536	0
0.081664	1
0.081792	1
0.081920	0
0.082048	1
0.082176	1
0.082304	0
0.082432	1
0.082560	0
0.082688	0
0.082816	0
0.082944	0
0.083072	1
0.083200	0
0.083328	0
0.083456	1
0.083584	0
0.083712	0
0.083840	1
0.083968	0
0.084096	1
0.084224	0
0.084352	0
0.084480	1
0.084608	0
0.084736	0
0.084864	1
0.084992	0
0.085120	1
0.085248	0
0.085376	1
0.085504	1
0.085632	1
0.085760	1
0.085888	0
0.086016	0
0.086144	0
0.086272	1
0.086400	0
0.086528	1
0.086656	0
0.086784	1
0.086912	1
0.087040	0
0.087168	1
0.087296	1
0.087424	0
0.087552	1
0.087680	0
0.087808	1
0.087936	1
0.088064	0
0.088192	0
0.088320	1
0.088448	1
0.088576	0
0.088704	0
0.088832	0
0.088960	0
0.089088	0
0.089216	0
0.089344	1
0.089472	0
0.089600	0
0.089728	0
0.089856	1
0.089984	1
0.090112	0
0.090240	0
0.090368	1
0.090496	0
0.090624	1
0.090752	0
0.090880	1
0.091008	1
0.091136	0
0.091264	1
0.091392	0
0.091520	0
0.091648	1
0.091776	0
0.091904	0
0.092032	1
0.092160	1
0.092288	1
0.092416	1
0.092544	0
0.092672	0
0.092800	1
0.092928	1
0.093056	0
0.093184	0
0.093312	1
0.093440	0
0.093568	0
0.093696	1
0.093824	1
0.093952	0
0.094080	1
0.094208	0
0.094336	0
0.094464	1
0.094592	1
0.094720	1
0.094848	0
0.094976	1
0.095104	1
0.095232	0
0.095360	1
0.095488	1
0.095616	1
0.095744	1
0.095872	1
0.096000	0
0.096128	1
0.096256	0
0.096384	1
0.096512	1
0.096640	0
0.096768	1
0.096896	1
0.097024	0
0.097152	1
0.097280	0
0.097408	1
0.097536	1
0.097664	0
0.097792	1
0.097920	0
0.098048	0
0.098176	1
0.098304	0
0.098432	1
0.098560	0
0.098688	0
0.098816	1
0.098944	0
0.099072	1
0.099200	0
0.099328	0
0.099456	0
0.099584	0
0.099712	0
0.099840	1
0.099968	1
0.100096	1
0.100224	1
0.100352	0
0.100480	1
0.100608	1
0.100736	0
0.100864	1
0.100992	0
0.101120	0
0.101248	0
0.101376	0
0.101504	1
0.101632	0
0.101760	0
0.101888	1
0.102016	0
0.102144	1
0.102272	1
0.102400	0
0.102528	1
0.102656	1
0.102784	0
0.102912	1
0.103040	1
0.103168	0
0.103296	1
0.103424	0
0.103552	0
0.103680	1
0.103808	0
0.103936	0
0.104064	0
0.104192	1
0.104320	1
0.104448	0
0.104576	0
0.104704	0
0.104832	0
0.104960	1
0.105088	0
0.105216	1
0.105344	1
0.105472	1
0.105600	1
0.105728	1
0.105856	1
0.105984	1
0.106112	0
0.106240	1
0.106368	0
0.106496	0
0.106624	1
0.106752	1
0.106880	0
0.107008	1
0.107136	1
0.107264	0
0.107392	1
0.107520	1
0.107648	0
0.107776	0
0.107904	0
0.108032	1
0.108160	0
0.108288	1
0.108416	1
0.108544	1
0.108672	1
0.108800	1
0.108928	0
0.109056	0
0.109184	0
0.109312	1
0.109440	1
0.109568	0
0.109696	1
0.109824	1
0.109952	0
0.110080	1
0.110208	1
0.110336	1
0.110464	1
0.110592	1
0.110720	0
0.110848	0
0.110976	0
0.111104	1
0.111232	0
0.111360	1
0.111488	1
0.111616	0
0.111744	1
0.111872	0
0.112000	0
0.112128	1
0.112256	0
0.112384	0
0.112512	0
0.112640	0
0.112768	1
0.112896	0
0.113024	0
0.113152	1
0.113280	0
0.113408	0
0.113536	1
0.113664	1
0.113792	1
0.113920	1
0.114048	0
0.114176	1
0.114304	0
0.114432	1
0.114560	1
0.114688	0
0.114816	1
0.114944	1
0.115072	0
0.115200	1
0.115328	0
0.115456	1
0.115584	0
0.115712	0
0.115840	1
0.115968	1
0.116096	0
0.116224	1
0.116352	0
0.116480	1
0.116608	1
0.116736	0
0.116864	0
0.116992	1
0.117120	0
0.117248	1
0.117376	0
0.117504	0
0.117632	0
0.117760	0
0.117888	1
0.118016	1
0.118144	0
0.118272	1
0.118400	1
0.118528	0
0.118656	1
0.118784	1
0.118912	1
0.119040	0
0.119168	0
0.119296	0
0.119424	0
0.119552	0
0.119680	0
0.119808	0
0.119936	1
0.120064	0
0.120192	0
0.120320	1
0.120448	0
0.120576	1
0.120704	0
0.120832	0
0.120960	1
0.121088	1
0.121216	0
0.121344	1
0.121472	1
0.121600	0
0.121728	1
0.121856	0
0.121984	1
0.122112	1
0.122240	1
0.122368	1
0.122496	0
0.122624	1
0.122752	0
0.122880	0
0.123008	1
0.123136	0
0.123264	1
0.123392	1
0.123520	0
0.123648	0
0.123776	1
0.123904	0
0.124032	1
0.124160	1
0.124288	1
0.124416	0
0.124544	0
0.124672	0
0.124800	1
0.124928	0
0.125056	1
0.125184	0
0.125312	0
0.125440	1
0.125568	1
0.125696	0
0.125824	0
0.125952	0
0.126080	1
0.126208	0
0.126336	1
0.126464	1
0.126592	0
0.126720	1
0.126848	1
0.126976	0
0.127104	1
0.127232	1
0.127360	1
0.127488	1
0.127616	0
0.127744	1
0.127872	0
0.128000	0
0.128128	0
0.128256	0
0.128384	0
0.128512	1
0.128640	0
0.128768	0
0.128896	1
0.129024	0
0.129152	1
0.129280	0
0.129408	1
0.129536	1
0.129664	0
0.129792	1
0.129920	1
0.130048	0
0.130176	1
0.130304	1
0.130432	0
0.130560	1
0.130688	1
0.130816	1
0.130944	0
0.131072	0
