0.000000000	1415884
0.000002000	1363812
0.000004000	1316222
0.000006000	1271852
0.000008000	1228508
0.000010000	1183754
0.000012000	5267270
0.000014000	3433679
0.000016000	-2341227
0.000018000	4570074
0.000020000	4513013
0.000022000	8057352
0.000024000	-2950031
0.000026000	303226
0.000028000	2926152
0.000030000	-2952139
0.000032000	1603081
0.000034000	-1767580
0.000036000	-3732097
0.000038000	-3988509
0.000040000	-1191752
0.000042000	-815550
0.000044000	-4388235
0.000046000	1269567
0.000048000	5725780
0.000050000	-476176
0.000052000	-2108405
0.000054000	-1116177
0.000056000	6166814
0.000058000	1474428
0.000060000	-4180979
0.000062000	-4222590
0.000064000	-202165
0.000066000	-6648978
0.000068000	-3736904
0.000070000	-7395671
0.000072000	3557935
0.000074000	-7071240
0.000076000	-7833243
0.000078000	-2315542
0.000080000	5008683
0.000082000	-7395676
0.000084000	-6282932
0.000086000	-5214956
0.000088000	-4202872
0.000090000	-3250730
0.000092000	-2355960
0.000094000	-1512270
0.000096000	-712076
0.000098000	50310
0.000100000	773416
0.000102000	1450064
0.000104000	2070382
0.000106000	2625906
0.000108000	3110738
0.000110000	3523292
0.000112000	3869574
0.000114000	4160242
0.000116000	4405852
0.000118000	4611276
0.000120000	4775832
0.000122000	4892224
0.000124000	4945742
0.000126000	4918944
0.000128000	4797814
0.000130000	4578230
0.000132000	4264438
0.000134000	3868812
0.000136000	3409522
0.000138000	2903880
0.000140000	2363364
0.000142000	1789548
0.000144000	1177890
0.000146000	519704
0.000148000	-193950
0.000150000	-966866
0.000152000	-1797324
0.000154000	-2678642
0.000156000	-3603842
0.000158000	-4567354
0.000160000	-5567294
0.000162000	-6605898
0.000164000	-7685688
0.000166000	7970984
0.000168000	6815366
0.000170000	5634714
0.000172000	4442820
0.000174000	3253070
0.000176000	2074256
0.000178000	907950
0.000180000	-250268
0.000182000	-1407574
0.000184000	-2571814
0.000186000	-3745986
0.000188000	-4926382
0.000190000	-6102140
0.000192000	-7258864
0.000194000	-8382772
0.000196000	7314272
0.000198000	6281324
0.000200000	5291980
0.000202000	4337324
0.000204000	3407702
0.000206000	2496778
0.000208000	1603516
0.000210000	734770
0.000212000	-96444
0.000214000	-874484
0.000216000	-1584886
0.000218000	-2217456
0.000220000	-2767754
0.000222000	-3237686
0.000224000	-3633228
0.000226000	-3961024
0.000228000	-4227158
0.000230000	-4435868
0.000232000	-4588748
0.000234000	-4685350
0.000236000	-4725354
0.000238000	-4710012
0.000240000	-4640500
0.000242000	-4517156
0.000244000	-4339418
0.000246000	-4104846
0.000248000	-3807122
0.000250000	-3436868
0.000252000	-2985674
0.000254000	-2449302
0.000256000	-1828984
0.000258000	-1132280
0.000260000	-374020
0.000262000	426654
0.000264000	1252500
0.000266000	2093546
0.000268000	2948742
0.000270000	3825606
0.000272000	4738040
0.000274000	5701410
0.000276000	6725462
0.000278000	7809660
0.000280000	-7833562
0.000282000	-6666854
0.000284000	-5485888
0.000286000	-4305518
0.000288000	-3132238
0.000290000	-1963802
0.000292000	-792712
0.000294000	388568
0.000296000	1582684
0.000298000	2785502
0.000300000	3986188
0.000302000	5171356
0.000304000	6329228
0.000306000	7453412
0.000308000	-8233132
0.000310000	-7171318
0.000312000	-6132414
0.000314000	-5113840
0.000316000	-4117968
0.000318000	-3151528
0.000320000	-2223952
0.000322000	-1343794
0.000324000	-517098
0.000326000	253652
0.000328000	968090
0.000330000	1625286
0.000332000	2223584
0.000334000	2759142
0.000336000	3228634
0.000338000	3631638
0.000340000	3972012
0.000342000	4257230
0.000344000	4494076
0.000346000	4687142
0.000348000	4833906
0.000350000	4923674
0.000352000	4940616
0.000354000	4869956
0.000356000	4705450
0.000358000	4450698
0.000360000	4121072
0.000362000	3738744
0.000364000	3323954
0.000366000	2886928
0.000368000	2421782
0.000370000	1909576
0.000372000	1323130
0.000374000	638078
0.000376000	-156544
0.000378000	-1053770
0.000380000	-2028116
0.000382000	-3043968
0.000384000	-4065574
0.000386000	-5069358
0.000388000	-6050488
0.000390000	-7021420
0.000392000	-8006778
0.000394000	7744386
0.000396000	6659070
0.000398000	5511558
0.000400000	4314110
0.000402000	3088382
0.000404000	1858300
0.000406000	642058
0.000408000	-551904
0.000410000	-1726304
0.000412000	-2889322
0.000414000	-4048444
0.000416000	-5205804
0.000418000	-6355956
0.000420000	-7487624
0.000422000	8189468
0.000424000	7128838
0.000426000	6107876
0.000428000	5119352
0.000430000	4152486
0.000432000	3197682
0.000434000	2253404
0.000436000	1330612
0.000438000	449372
0.000440000	-366960
0.000442000	-1099240
0.000444000	-1736588
0.000446000	-2282292
0.000448000	-2753638
0.000450000	-3172974
0.000452000	-3559042
0.000454000	-3920078
0.000456000	-4253188
0.000458000	-4542742
0.000460000	-4765106
0.000462000	-4898874
0.000464000	-4931728
0.000466000	-4863858
0.000468000	-4705676
0.000470000	-4475904
0.000472000	-4195078
0.000474000	-3878208
0.000476000	-3532046
0.000478000	-3154146
0.000480000	-2734996
0.000482000	-2259962
0.000484000	-1714824
0.000486000	-1090478
0.000488000	-383590
0.000490000	402290
0.000492000	1257460
0.000494000	2166662
0.000496000	3113784
0.000498000	4086328
0.000500000	5076280
0.000502000	6081950
0.000504000	7106690
0.000506000	8158358
0.000508000	-7532996
0.000510000	-6410530
0.000512000	-5254290
0.000514000	-4073416
0.000516000	-2879796
0.000518000	-1686504
0.000520000	-502498
0.000522000	669582
0.000524000	1831966
0.000526000	2991036
0.000528000	4152468
0.000530000	5319152
0.000532000	6487212
0.000534000	7647144
0.000536000	-7990560
0.000538000	-6884500
0.000540000	-5821846
0.000542000	-4807636
0.000544000	-3840374
0.000546000	-2915874
0.000548000	-2029982
0.000550000	-1180708
0.000552000	-369520
0.000554000	397344
0.000556000	1109852
0.000558000	1759128
0.000560000	2339884
0.000562000	2852408
0.000564000	3301488
0.000566000	3696290
0.000568000	4046496
0.000570000	4356998
0.000572000	4625158
0.000574000	4839294
0.000576000	4982682
0.000578000	5037564
0.000580000	4991692
0.000582000	4843386
0.000584000	4603038
0.000586000	4291506
0.000588000	3932128
0.000590000	3542642
0.000592000	3129406
0.000594000	2685676
0.000596000	2194510
0.000598000	1635706
0.000600000	995054
0.000602000	271368
0.000604000	-523726
0.000606000	-1370240
0.000608000	-2246984
0.000610000	-3140530
0.000612000	-4049594
0.000614000	-4985744
0.000616000	-5965982
0.000618000	-7004568
0.000620000	-8106238
0.000622000	7515036
0.000624000	6323620
0.000626000	5120748
0.000628000	3925776
0.000630000	2747716
0.000632000	1583394
0.000634000	421794
0.000636000	-747760
0.000638000	-1930976
0.000640000	-3123262
0.000642000	-4310766
0.000644000	-5474604
0.000646000	-6600694
0.000648000	-7686046
0.000650000	8038886
0.000652000	7004702
0.000654000	5972990
0.000656000	4934792
0.000658000	3896458
0.000660000	2878854
0.000662000	1910608
0.000664000	1017382
0.000666000	214128
0.000668000	-499694
0.000670000	-1141064
0.000672000	-1734536
0.000674000	-2302042
0.000676000	-2851186
0.000678000	-3371310
0.000680000	-3836670
0.000682000	-4215946
0.000684000	-4485952
0.000686000	-4640224
0.000688000	-4694000
0.000690000	-4680642
0.000692000	-4639462
0.000694000	-4599638
0.000696000	-4567914
0.000698000	-4526282
0.000700000	-4437644
0.000702000	-4256942
0.000704000	-3947066
0.000706000	-3492660
0.000708000	-2905186
0.000710000	-2217526
0.000712000	-1471126
0.000714000	-703092
0.000716000	65114
0.000718000	831966
0.000720000	1613018
0.000722000	2431162
0.000724000	3305078
0.000726000	4241946
0.000728000	5235394
0.000730000	6270572
0.000732000	7329912
0.000734000	-8375758
0.000736000	-7294460
0.000738000	-6196666
0.000740000	-5071392
0.000742000	-3911092
0.000744000	-2714648
0.000746000	-1490648
0.000748000	-254162
0.000750000	977354
0.000752000	2190204
0.000754000	3378026
0.000756000	4540526
0.000758000	5682052
0.000760000	6807040
0.000762000	7916836
0.000764000	-7769736
0.000766000	-6705156
0.000768000	-5673168
0.000770000	-4676618
0.000772000	-3714378
0.000774000	-2781804
0.000776000	-1874554
0.000778000	-994202
0.000780000	-150166
0.000782000	639276
0.000784000	1353490
0.000786000	1974920
0.000788000	2497252
0.000790000	2929918
0.000792000	3295156
0.000794000	3623084
0.000796000	3939582
0.000798000	4257360
0.000800000	4568958
0.000802000	4847328
0.000804000	5055394
0.000806000	5156652
0.000808000	5127902
0.000810000	4966276
0.000812000	4689458
0.000814000	4329430
0.000816000	3919546
0.000818000	3484244
0.000820000	3032132
0.000822000	2555522
0.000824000	2037004
0.000826000	1457302
0.000828000	804538
0.000830000	77692
0.000832000	-714302
0.000834000	-1556734
0.000836000	-2436356
0.000838000	-3345660
0.000840000	-4284602
0.000842000	-5257390
0.000844000	-6268460
0.000846000	-7319912
0.000848000	8368102
0.000850000	7248076
0.000852000	6105578
0.000854000	4946378
0.000856000	3772372
0.000858000	2583700
0.000860000	1380564
0.000862000	164854
0.000864000	-1057464
0.000866000	-2275758
0.000868000	-3477248
0.000870000	-4651566
0.000872000	-5793158
0.000874000	-6900958
0.000876000	-7979470
0.000878000	7740328
0.000880000	6695722
0.000882000	5659722
0.000884000	4634306
0.000886000	3626154
0.000888000	2648304
0.000890000	1717656
0.000892000	851188
0.000894000	61726
0.000896000	-645756
0.000898000	-1274050
0.000900000	-1835250
0.000902000	-2346948
0.000904000	-2826358
0.000906000	-3284820
0.000908000	-3722882
0.000910000	-4129324
0.000912000	-4482800
0.000914000	-4758040
0.000916000	-4934250
0.000918000	-5000750
0.000920000	-4959670
0.000922000	-4824890
0.000924000	-4617120
0.000926000	-4357130
0.000928000	-4058568
0.000930000	-3724852
0.000932000	-3350970
0.000934000	-2928344
0.000936000	-2449022
0.000938000	-1909436
0.000940000	-1311720
0.000942000	-662758
0.000944000	30534
0.000946000	767766
0.000948000	1554502
0.000950000	2400872
0.000952000	3316140
0.000954000	4304886
0.000956000	5363108
0.000958000	6474306
0.000960000	7615444
0.000962000	-8014672
0.000964000	-6878006
0.000966000	-5757340
0.000968000	-4647184
0.000970000	-3532376
0.000972000	-2396650
0.000974000	-1228854
0.000976000	-29248
0.000978000	1191156
0.000980000	2414324
0.000982000	3620502
0.000984000	4795688
0.000986000	5934832
0.000988000	7042940
0.000990000	8130254
0.000992000	-7570270
0.000994000	-6499160
0.000996000	-5437666
0.000998000	-4397772
0.001000000	-3396392
0.001002000	-2449266
0.001004000	-1567044
0.001006000	-753194
0.001008000	-3612
0.001010000	689680
0.001012000	1335080
0.001014000	1937324
0.001016000	2496494
0.001018000	3008350
0.001020000	3465814
0.001022000	3862290
0.001024000	4193046
0.001026000	4456372
0.001028000	4652480
0.001030000	4783342
0.001032000	4851376
0.001034000	4858168
0.001036000	4804298
0.001038000	4689438
0.001040000	4513318
0.001042000	4273668
0.001044000	3966760
0.001046000	3587872
0.001048000	3133288
0.001050000	2601296
0.001052000	1992904
0.001054000	1315434
0.001056000	581114
0.001058000	-195400
0.001060000	-1002220
0.001062000	-1832180
0.001064000	-2684246
0.001066000	-3565522
0.001068000	-4487186
0.001070000	-5459322
0.001072000	-6485306
0.001074000	-7562010
0.001076000	8096998
0.001078000	6951300
0.001080000	5791660
0.001082000	4626492
0.001084000	3457344
0.001086000	2282798
0.001088000	1101048
0.001090000	-88008
0.001092000	-1280552
0.001094000	-2468346
0.001096000	-3641838
0.001098000	-4795142
0.001100000	-5928128
0.001102000	-7045648
0.001104000	-8154646
0.001106000	7516576
0.001108000	6414140
0.001110000	5324440
0.001112000	4264444
0.001114000	3254578
0.001116000	2313094
0.001118000	1451358
0.001120000	670990
0.001122000	-35634
0.001124000	-682150
0.001126000	-1283062
0.001128000	-1849934
0.001130000	-2387920
0.001132000	-2895328
0.001134000	-3365630
0.001136000	-3790410
0.001138000	-4161956
0.001140000	-4472140
0.001142000	-4713952
0.001144000	-4881382
0.001146000	-4968162
0.001148000	-4968172
0.001150000	-4876818
0.001152000	-4696226
0.001154000	-4434506
0.001156000	-4103696
0.001158000	-3718464
0.001160000	-3291760
0.001162000	-2831528
0.001164000	-2336220
0.001166000	-1796864
0.001168000	-1202078
0.001170000	-541402
0.001172000	190110
0.001174000	990512
0.001176000	1851196
0.001178000	2760462
0.001180000	3708412
0.001182000	4689176
0.001184000	5701236
0.001186000	6745700
0.001188000	7822740
0.001190000	-7847806
0.001192000	-6718342
0.001194000	-5575506
0.001196000	-4427382
0.001198000	-3278490
0.001200000	-2127438
0.001202000	-968360
0.001204000	205446
0.001206000	1398054
0.001208000	2607014
0.001210000	3823454
0.001212000	5033158
0.001214000	6220244
0.001216000	7372204
0.001218000	-8294992
0.001220000	-7227262
0.001222000	-6197836
0.001224000	-5201022
0.001226000	-4231786
0.001228000	-3289230
0.001230000	-2376376
0.001232000	-1498768
0.001234000	-662974
0.001236000	124774
0.001238000	857880
0.001240000	1531352
0.001242000	2141422
0.001244000	2685364
0.001246000	3162956
0.001248000	3576928
0.001250000	3934348
0.001252000	4242958
0.001254000	4508276
0.001256000	4731104
0.001258000	4904364
0.001260000	5013520
0.001262000	5039154
0.001264000	4964598
0.001266000	4782102
0.001268000	4495456
0.001270000	4120562
0.001272000	3681596
0.001274000	3203990
0.001276000	2705928
0.001278000	2193262
0.001280000	1660022
0.001282000	1092142
0.001284000	473020
0.001286000	-210856
0.001288000	-965870
0.001290000	-1790728
0.001292000	-2678914
0.001294000	-3622976
0.001296000	-4617372
0.001298000	-5657852
0.001300000	-6740122
0.001302000	-7857716
0.001304000	7774860
0.001306000	6613970
0.001308000	5448648
0.001310000	4287514
0.001312000	3132924
0.001314000	1980276
0.001316000	823156
0.001318000	-344288
0.001320000	-1524432
0.001322000	-2714882
0.001324000	-3906986
0.001326000	-5087766
0.001328000	-6246836
0.001330000	-7378588
0.001332000	8294216
0.001334000	7215718
0.001336000	6160570
0.001338000	5127348
0.001340000	4120174
0.001342000	3148282
0.001344000	2224110
0.001346000	1356684
0.001348000	551204
0.001350000	-191052
0.001352000	-873070
0.001354000	-1499508
0.001356000	-2075184
0.001358000	-2600836
0.001360000	-3074700
0.001362000	-3495138
0.001364000	-3862204
0.001366000	-4178786
0.001368000	-4447510
0.001370000	-4669828
0.001372000	-4842464
0.001374000	-4954866
0.001376000	-4990694
0.001378000	-4931962
0.001380000	-4767262
0.001382000	-4496114
0.001384000	-4130624
0.001386000	-3693644
0.001388000	-3211138
0.001390000	-2704314
0.001392000	-2181508
0.001394000	-1635618
0.001396000	-1048410
0.001398000	-397240
0.001400000	334324
0.001402000	1151454
0.001404000	2045512
0.001406000	2996478
0.001408000	3981302
0.001410000	4980882
0.001412000	5987546
0.001414000	7003692
0.001416000	8039384
0.001418000	-7670170
0.001420000	-6561986
0.001422000	-5412126
0.001424000	-4228878
0.001426000	-3025138
0.001428000	-1815338
0.001430000	-610772
0.001432000	582038
0.001434000	1762538
0.001436000	2934676
0.001438000	4102502
0.001440000	5268262
0.001442000	6429094
0.001444000	7577736
0.001446000	-8075488
0.001448000	-6989904
0.001450000	-5953570
0.001452000	-4972192
0.001454000	-4043442
0.001456000	-3158588
0.001458000	-2303036
0.001460000	-1463632
0.001462000	-634274
0.001464000	181248
0.001466000	967518
0.001468000	1702214
0.001470000	2360450
0.001472000	2925082
0.001474000	3392248
0.001476000	3771568
0.001478000	4084076
0.001480000	4352326
0.001482000	4592590
0.001484000	4806166
0.001486000	4977980
0.001488000	5082732
0.001490000	5091896
0.001492000	4986352
0.001494000	4762930
0.001496000	4435886
0.001498000	4032540
0.001500000	3582362
0.001502000	3108992
0.001504000	2621332
0.001506000	2113006
0.001508000	1568216
0.001510000	968214
0.001512000	300352
0.001514000	-439014
0.001516000	-1243500
0.001518000	-2101042
0.001520000	-3000878
0.001522000	-3936736
0.001524000	-4909224
0.001526000	-5922636
0.001528000	-6980460
0.001530000	-8081834
0.001532000	7558036
0.001534000	6397288
0.001536000	5227776
0.001538000	4061548
0.001540000	2903176
0.001542000	1750416
0.001544000	596512
0.001546000	-566178
0.001548000	-1742526
0.001550000	-2932772
0.001552000	-4129676
0.001554000	-5321888
0.001556000	-6497816
0.001558000	-7647708
0.001560000	8011684
0.001562000	6929230
0.001564000	5881280
0.001566000	4865924
0.001568000	3883672
0.001570000	2937482
0.001572000	2033208
0.001574000	1177426
0.001576000	377706
0.001578000	-359914
0.001580000	-1033702
0.001582000	-1645964
0.001584000	-2202664
0.001586000	-2710330
0.001588000	-3174292
0.001590000	-3595768
0.001592000	-3971088
0.001594000	-4292022
0.001596000	-4547806
0.001598000	-4729460
0.001600000	-4832926
0.001602000	-4861002
0.001604000	-4819652
0.001606000	-4716058
0.001608000	-4554898
0.001610000	-4335178
0.001612000	-4049386
0.001614000	-3686176
0.001616000	-3238826
0.001618000	-2708400
0.001620000	-2106056
0.001622000	-1450852
0.001624000	-765330
0.001626000	-67140
0.001628000	640066
0.001630000	1367572
0.001632000	2138268
0.001634000	2977646
0.001636000	3905898
0.001638000	4928208
0.001640000	6030704
0.001642000	7184442
0.001644000	8354648
0.001646000	-7264384
0.001648000	-6134114
0.001650000	-5030154
0.001652000	-3936342
0.001654000	-2829646
0.001656000	-1690078
0.001658000	-509734
0.001660000	706366
0.001662000	1942096
0.001664000	3176762
0.001666000	4392362
0.001668000	5578116
0.001670000	6732990
0.001672000	7861360
0.001674000	-7808790
0.001676000	-6721726
0.001678000	-5660404
0.001680000	-4635484
0.001682000	-3659964
0.001684000	-2743360
0.001686000	-1889324
0.001688000	-1095380
0.001690000	-353712
0.001692000	344840
0.001694000	1007478
0.001696000	1636148
0.001698000	2228534
0.001700000	2780312
0.001702000	3286302
0.001704000	3740638
0.001706000	4137438
0.001708000	4470798
0.001710000	4733464
0.001712000	4916506
0.001714000	5011138
0.001716000	5013248
0.001718000	4925178
0.001720000	4756130
0.001722000	4520232
0.001724000	4232732
0.001726000	3905384
0.001728000	3541574
0.001730000	3135352
0.001732000	2674266
0.001734000	2145022
0.001736000	1539404
0.001738000	858226
0.001740000	111772
0.001742000	-683096
0.001744000	-1509576
0.001746000	-2356928
0.001748000	-3224828
0.001750000	-4123232
0.001752000	-5067256
0.001754000	-6070668
0.001756000	-7138724
0.001758000	-8265992
0.001760000	7341316
0.001762000	6152000
0.001764000	4964992
0.001766000	3793594
0.001768000	2638906
0.001770000	1492714
0.001772000	340880
0.001774000	-830692
0.001776000	-2028686
0.001778000	-3248414
0.001780000	-4474446
0.001782000	-5686592
0.001784000	-6865230
0.001786000	-7995864
0.001788000	7704240
0.001790000	6677196
0.001792000	5690434
0.001794000	4733452
0.001796000	3799554
0.001798000	2887948
0.001800000	2003386
0.001802000	1152858
0.001804000	343854
0.001806000	-417802
0.001808000	-1129458
0.001810000	-1791590
0.001812000	-2404816
0.001814000	-2965234
0.001816000	-3464816
0.001818000	-3894040
0.001820000	-4244006
0.001822000	-4508206
0.001824000	-4684876
0.001826000	-4779800
0.001828000	-4804402
0.001830000	-4770408
0.001832000	-4686502
0.001834000	-4556106
0.001836000	-4378344
0.001838000	-4148954
0.001840000	-3861740
0.001842000	-3511996
0.001844000	-3097354
0.001846000	-2618704
0.001848000	-2077070
0.001850000	-1471620
0.001852000	-801060
0.001854000	-64888
0.001856000	734360
0.001858000	1591186
0.001860000	2496128
0.001862000	3436706
0.001864000	4401776
0.001866000	5385316
0.001868000	6388282
0.001870000	7417100
0.001872000	-8297006
0.001874000	-7192870
0.001876000	-6046680
0.001878000	-4864994
0.001880000	-3660474
0.001882000	-2448710
0.001884000	-1242594
0.001886000	-49712
0.001888000	1128018
0.001890000	2292744
0.001892000	3447694
0.001894000	4595268
0.001896000	5733510
0.001898000	6857746
0.001900000	7963444
0.001902000	-7728560
0.001904000	-6663174
0.001906000	-5616436
0.001908000	-4587000
0.001910000	-3578222
0.001912000	-2600266
0.001914000	-1669038
0.001916000	-801446
0.001918000	-9654
0.001920000	701390
0.001922000	1337714
0.001924000	1914176
0.001926000	2447982
0.001928000	2952178
0.001930000	3429896
0.001932000	3872928
0.001934000	4262552
0.001936000	4575666
0.001938000	4794382
0.001940000	4910214
0.001942000	4926248
0.001944000	4856062
0.001946000	4719574
0.001948000	4536562
0.001950000	4318570
0.001952000	4068412
0.001954000	3781564
0.001956000	3448616
0.001958000	3058486
0.001960000	2601844
0.001962000	2074756
0.001964000	1476988
0.001966000	810364
0.001968000	77372
0.001970000	-718576
0.001972000	-1572888
0.001974000	-2479820
0.001976000	-3431248
0.001978000	-4417850
0.001980000	-5430396
0.001982000	-6462446
0.001984000	-7512148
0.001986000	8194766
0.001988000	7097662
0.001990000	5968602
0.001992000	4806442
0.001994000	3616068
0.001996000	2408272
0.001998000	1197452
0.002000000	-3170
0.002002000	-1186418
0.002004000	-2352504
0.002006000	-3507728
0.002008000	-4660718
0.002010000	-5818204
0.002012000	-6979472
0.002014000	-8134618
0.002016000	7509904
0.002018000	6417632
0.002020000	5379966
0.002022000	4404048
0.002024000	3487134
0.002026000	2618980
0.002028000	1787086
0.002030000	981882
0.002032000	200090
0.002034000	-554740
0.002036000	-1273130
0.002038000	-1943000
0.002040000	-2553296
0.002042000	-3095866
0.002044000	-3565840
0.002046000	-3961124
0.002048000	-4280404
