0.000000000000	167
0.000640000000	170
0.001280000000	166
0.001920000000	157
0.002560000000	141
0.003200000000	120
0.003840000000	100
0.004480000000	88
0.005120000000	87
0.005760000000	99
0.006400000000	120
0.007040000000	144
0.007680000000	162
0.008320000000	168
0.008960000000	161
0.009600000000	143
0.010240000000	120
0.010880000000	99
0.011520000000	89
0.012160000000	91
0.012800000000	106
0.013440000000	129
0.014080000000	151
0.014720000000	165
0.015360000000	167
0.016000000000	156
0.016640000000	136
0.017280000000	112
0.017920000000	95
0.018560000000	88
0.019200000000	95
0.019840000000	113
0.020480000000	136
0.021120000000	157
0.021760000000	168
0.022400000000	165
0.023040000000	150
0.023680000000	128
0.024320000000	106
0.024960000000	91
0.025600000000	89
0.026240000000	100
0.026880000000	121
0.027520000000	144
0.028160000000	162
0.028800000000	168
0.029440000000	161
0.030080000000	143
0.030720000000	120
0.031360000000	99
0.032000000000	89
0.032640000000	91
0.033280000000	106
0.033920000000	129
0.034560000000	151
0.035200000000	165
0.035840000000	167
0.036480000000	156
0.037120000000	136
0.037760000000	112
0.038400000000	95
0.039040000000	88
0.039680000000	95
0.040320000000	113
0.040960000000	136
0.041600000000	157
0.042240000000	168
0.042880000000	165
0.043520000000	150
0.044160000000	128
0.044800000000	106
0.045440000000	91
0.046080000000	89
0.046720000000	100
0.047360000000	121
0.048000000000	144
0.048640000000	162
0.049280000000	168
0.049920000000	161
0.050560000000	143
0.051200000000	120
0.051840000000	99
0.052480000000	89
0.053120000000	91
0.053760000000	106
0.054400000000	129
0.055040000000	151
0.055680000000	165
0.056320000000	167
0.056960000000	156
0.057600000000	136
0.058240000000	112
0.058880000000	95
0.059520000000	88
0.060160000000	95
0.060800000000	113
0.061440000000	136
0.062080000000	157
0.062720000000	167
0.063360000000	165
0.064000000000	150
0.064640000000	128
0.065280000000	106
0.065920000000	91
0.066560000000	89
0.067200000000	100
0.067840000000	121
0.068480000000	144
0.069120000000	162
0.069760000000	168
0.070400000000	161
0.071040000000	143
0.071680000000	120
0.072320000000	99
0.072960000000	89
0.073600000000	91
0.074240000000	106
0.074880000000	128
0.075520000000	151
0.076160000000	165
0.076800000000	167
0.077440000000	156
0.078080000000	136
0.078720000000	112
0.079360000000	95
0.080000000000	88
0.080640000000	95
0.081280000000	113
0.081920000000	136
0.082560000000	157
0.083200000000	168
0.083840000000	165
0.084480000000	150
0.085120000000	128
0.085760000000	106
0.086400000000	91
0.087040000000	89
0.087680000000	100
0.088320000000	121
0.088960000000	144
0.089600000000	162
0.090240000000	168
0.090880000000	161
0.091520000000	143
0.092160000000	120
0.092800000000	99
0.093440000000	89
0.094080000000	91
0.094720000000	106
0.095360000000	128
0.096000000000	151
0.096640000000	165
0.097280000000	168
0.097920000000	156
0.098560000000	136
0.099200000000	112
0.099840000000	95
0.100480000000	88
0.101120000000	95
0.101760000000	113
0.102400000000	136
0.103040000000	157
0.103680000000	168
0.104320000000	165
0.104960000000	150
0.105600000000	128
0.106240000000	106
0.106880000000	91
0.107520000000	89
0.108160000000	100
0.108800000000	121
0.109440000000	144
0.110080000000	162
0.110720000000	168
0.111360000000	161
0.112000000000	143
0.112640000000	120
0.113280000000	99
0.113920000000	89
0.114560000000	91
0.115200000000	106
0.115840000000	129
0.116480000000	151
0.117120000000	165
0.117760000000	167
0.118400000000	156
0.119040000000	136
0.119680000000	112
0.120320000000	95
0.120960000000	88
0.121600000000	95
0.122240000000	113
0.122880000000	136
0.123520000000	157
0.124160000000	168
0.124800000000	165
0.125440000000	150
0.126080000000	128
0.126720000000	106
0.127360000000	91
0.128000000000	89
0.128640000000	100
0.129280000000	121
0.129920000000	144
0.130560000000	162
0.131200000000	168
0.131840000000	161
0.132480000000	143
0.133120000000	120
0.133760000000	99
0.134400000000	89
0.135040000000	91
0.135680000000	106
0.136320000000	129
0.136960000000	151
0.137600000000	165
0.138240000000	167
0.138880000000	156
0.139520000000	136
0.140160000000	112
0.140800000000	95
0.141440000000	88
0.142080000000	95
0.142720000000	113
0.143360000000	136
0.144000000000	157
0.144640000000	167
0.145280000000	165
0.145920000000	150
0.146560000000	128
0.147200000000	106
0.147840000000	91
0.148480000000	89
0.149120000000	100
0.149760000000	121
0.150400000000	144
0.151040000000	162
0.151680000000	168
0.152320000000	161
0.152960000000	143
0.153600000000	120
0.154240000000	99
0.154880000000	89
0.155520000000	91
0.156160000000	106
0.156800000000	129
0.157440000000	151
0.158080000000	165
0.158720000000	167
0.159360000000	156
0.160000000000	136
0.160640000000	112
0.161280000000	95
0.161920000000	88
0.162560000000	95
0.163200000000	113
0.163840000000	136
0.164480000000	157
0.165120000000	168
0.165760000000	165
0.166400000000	150
0.167040000000	128
0.167680000000	105
0.168320000000	91
0.168960000000	89
0.169600000000	100
0.170240000000	121
0.170880000000	144
0.171520000000	162
0.172160000000	168
0.172800000000	161
0.173440000000	143
0.174080000000	120
0.174720000000	99
0.175360000000	89
0.176000000000	91
0.176640000000	106
0.177280000000	128
0.177920000000	151
0.178560000000	165
0.179200000000	167
0.179840000000	156
0.180480000000	136
0.181120000000	112
0.181760000000	95
0.182400000000	88
0.183040000000	95
0.183680000000	113
0.184320000000	136
0.184960000000	157
0.185600000000	168
0.186240000000	165
0.186880000000	150
0.187520000000	128
0.188160000000	106
0.188800000000	91
0.189440000000	89
0.190080000000	100
0.190720000000	121
0.191360000000	144
0.192000000000	162
0.192640000000	168
0.193280000000	161
0.193920000000	143
0.194560000000	120
0.195200000000	99
0.195840000000	89
0.196480000000	91
0.197120000000	106
0.197760000000	129
0.198400000000	151
0.199040000000	165
0.199680000000	168
0.200320000000	156
0.200960000000	135
0.201600000000	110
0.202240000000	92
0.202880000000	86
0.203520000000	94
0.204160000000	113
0.204800000000	136
0.205440000000	157
0.206080000000	167
0.206720000000	164
0.207360000000	149
0.208000000000	127
0.208640000000	105
0.209280000000	91
0.209920000000	89
0.210560000000	101
0.211200000000	121
0.211840000000	145
0.212480000000	162
0.213120000000	168
0.213760000000	161
0.214400000000	142
0.215040000000	119
0.215680000000	99
0.216320000000	89
0.216960000000	92
0.217600000000	107
0.218240000000	129
0.218880000000	151
0.219520000000	166
0.220160000000	167
0.220800000000	156
0.221440000000	135
0.222080000000	112
0.222720000000	94
0.223360000000	88
0.224000000000	95
0.224640000000	114
0.225280000000	137
0.225920000000	157
0.226560000000	168
0.227200000000	165
0.227840000000	150
0.228480000000	127
0.229120000000	105
0.229760000000	91
0.230400000000	89
0.231040000000	101
0.231680000000	121
0.232320000000	145
0.232960000000	162
0.233600000000	168
0.234240000000	161
0.234880000000	142
0.235520000000	119
0.236160000000	99
0.236800000000	89
0.237440000000	92
0.238080000000	107
0.238720000000	129
0.239360000000	151
0.240000000000	166
0.240640000000	167
0.241280000000	156
0.241920000000	135
0.242560000000	112
0.243200000000	94
0.243840000000	88
0.244480000000	96
0.245120000000	114
0.245760000000	137
0.246400000000	157
0.247040000000	168
0.247680000000	165
0.248320000000	150
0.248960000000	127
0.249600000000	105
0.250240000000	91
0.250880000000	89
0.251520000000	101
0.252160000000	121
0.252800000000	145
0.253440000000	162
0.254080000000	168
0.254720000000	161
0.255360000000	142
0.256000000000	119
0.256640000000	99
0.257280000000	89
0.257920000000	92
0.258560000000	107
0.259200000000	129
0.259840000000	151
0.260480000000	166
0.261120000000	167
0.261760000000	156
0.262400000000	135
0.263040000000	112
0.263680000000	94
0.264320000000	88
0.264960000000	96
0.265600000000	114
0.266240000000	137
0.266880000000	157
0.267520000000	168
0.268160000000	165
0.268800000000	149
0.269440000000	127
0.270080000000	105
0.270720000000	91
0.271360000000	89
0.272000000000	101
0.272640000000	121
0.273280000000	145
0.273920000000	162
0.274560000000	168
0.275200000000	161
0.275840000000	142
0.276480000000	119
0.277120000000	99
0.277760000000	89
0.278400000000	92
0.279040000000	107
0.279680000000	129
0.280320000000	151
0.280960000000	166
0.281600000000	167
0.282240000000	156
0.282880000000	135
0.283520000000	112
0.284160000000	94
0.284800000000	88
0.285440000000	96
0.286080000000	114
0.286720000000	137
0.287360000000	157
0.288000000000	168
0.288640000000	165
0.289280000000	150
0.289920000000	127
0.290560000000	105
0.291200000000	91
0.291840000000	89
0.292480000000	101
0.293120000000	121
0.293760000000	145
0.294400000000	162
0.295040000000	168
0.295680000000	161
0.296320000000	142
0.296960000000	119
0.297600000000	99
0.298240000000	89
0.298880000000	92
0.299520000000	107
0.300160000000	129
0.300800000000	151
0.301440000000	166
0.302080000000	167
0.302720000000	156
0.303360000000	135
0.304000000000	112
0.304640000000	94
0.305280000000	88
0.305920000000	96
0.306560000000	114
0.307200000000	137
0.307840000000	157
0.308480000000	168
0.309120000000	165
0.309760000000	150
0.310400000000	127
0.311040000000	105
0.311680000000	91
0.312320000000	89
0.312960000000	101
0.313600000000	121
0.314240000000	145
0.314880000000	162
0.315520000000	168
0.316160000000	161
0.316800000000	142
0.317440000000	119
0.318080000000	99
0.318720000000	89
0.319360000000	92
0.320000000000	107
0.320640000000	129
0.321280000000	151
0.321920000000	166
0.322560000000	167
0.323200000000	156
0.323840000000	135
0.324480000000	112
0.325120000000	94
0.325760000000	88
0.326400000000	96
0.327040000000	114
0.327680000000	137
0.328320000000	157
0.328960000000	168
0.329600000000	165
0.330240000000	150
0.330880000000	127
0.331520000000	105
0.332160000000	91
0.332800000000	89
0.333440000000	101
0.334080000000	121
0.334720000000	145
0.335360000000	162
0.336000000000	168
0.336640000000	161
0.337280000000	142
0.337920000000	119
0.338560000000	99
0.339200000000	89
0.339840000000	92
0.340480000000	107
0.341120000000	129
0.341760000000	151
0.342400000000	165
0.343040000000	167
0.343680000000	156
0.344320000000	135
0.344960000000	112
0.345600000000	94
0.346240000000	88
0.346880000000	96
0.347520000000	114
0.348160000000	137
0.348800000000	157
0.349440000000	168
0.350080000000	165
0.350720000000	150
0.351360000000	127
0.352000000000	105
0.352640000000	91
0.353280000000	89
0.353920000000	101
0.354560000000	121
0.355200000000	145
0.355840000000	162
0.356480000000	168
0.357120000000	161
0.357760000000	142
0.358400000000	119
0.359040000000	99
0.359680000000	89
0.360320000000	92
0.360960000000	107
0.361600000000	129
0.362240000000	151
0.362880000000	165
0.363520000000	167
0.364160000000	156
0.364800000000	135
0.365440000000	112
0.366080000000	94
0.366720000000	88
0.367360000000	95
0.368000000000	114
0.368640000000	137
0.369280000000	157
0.369920000000	168
0.370560000000	165
0.371200000000	150
0.371840000000	127
0.372480000000	105
0.373120000000	91
0.373760000000	89
0.374400000000	101
0.375040000000	121
0.375680000000	145
0.376320000000	162
0.376960000000	168
0.377600000000	161
0.378240000000	142
0.378880000000	119
0.379520000000	99
0.380160000000	89
0.380800000000	92
0.381440000000	107
0.382080000000	129
0.382720000000	151
0.383360000000	166
0.384000000000	167
0.384640000000	156
0.385280000000	135
0.385920000000	112
0.386560000000	94
0.387200000000	88
0.387840000000	96
0.388480000000	114
0.389120000000	137
0.389760000000	157
0.390400000000	168
0.391040000000	165
0.391680000000	150
0.392320000000	127
0.392960000000	105
0.393600000000	91
0.394240000000	89
0.394880000000	101
0.395520000000	121
0.396160000000	145
0.396800000000	162
0.397440000000	168
0.398080000000	161
0.398720000000	142
0.399360000000	119
0.400000000000	99
0.400640000000	89
0.401280000000	92
0.401920000000	107
0.402560000000	129
0.403200000000	151
0.403840000000	166
0.404480000000	167
0.405120000000	156
0.405760000000	135
0.406400000000	112
0.407040000000	94
0.407680000000	88
0.408320000000	96
0.408960000000	114
0.409600000000	137
0.410240000000	157
0.410880000000	168
0.411520000000	165
0.412160000000	150
0.412800000000	127
0.413440000000	105
0.414080000000	91
0.414720000000	89
0.415360000000	101
0.416000000000	121
0.416640000000	145
0.417280000000	162
0.417920000000	168
0.418560000000	161
0.419200000000	142
0.419840000000	119
0.420480000000	99
0.421120000000	89
0.421760000000	92
0.422400000000	107
0.423040000000	129
0.423680000000	151
0.424320000000	166
0.424960000000	167
0.425600000000	156
0.426240000000	135
0.426880000000	112
0.427520000000	94
0.428160000000	88
0.428800000000	96
0.429440000000	114
0.430080000000	137
0.430720000000	157
0.431360000000	168
0.432000000000	165
0.432640000000	150
0.433280000000	127
0.433920000000	105
0.434560000000	91
0.435200000000	89
0.435840000000	100
0.436480000000	120
0.437120000000	143
0.437760000000	160
0.438400000000	166
0.439040000000	159
0.439680000000	141
0.440320000000	118
0.440960000000	98
0.441600000000	88
0.442240000000	92
0.442880000000	107
0.443520000000	130
0.444160000000	152
0.444800000000	166
0.445440000000	167
0.446080000000	155
0.446720000000	134
0.447360000000	111
0.448000000000	94
0.448640000000	88
0.449280000000	96
0.449920000000	115
0.450560000000	138
0.451200000000	158
0.451840000000	168
0.452480000000	164
0.453120000000	149
0.453760000000	126
0.454400000000	104
0.455040000000	90
0.455680000000	89
0.456320000000	101
0.456960000000	122
0.457600000000	145
0.458240000000	163
0.458880000000	168
0.459520000000	160
0.460160000000	142
0.460800000000	118
0.461440000000	98
0.462080000000	89
0.462720000000	92
0.463360000000	108
0.464000000000	130
0.464640000000	152
0.465280000000	166
0.465920000000	167
0.466560000000	155
0.467200000000	134
0.467840000000	111
0.468480000000	94
0.469120000000	88
0.469760000000	96
0.470400000000	115
0.471040000000	138
0.471680000000	158
0.472320000000	168
0.472960000000	164
0.473600000000	149
0.474240000000	126
0.474880000000	104
0.475520000000	90
0.476160000000	89
0.476800000000	101
0.477440000000	122
0.478080000000	145
0.478720000000	162
0.479360000000	168
0.480000000000	160
0.480640000000	142
0.481280000000	118
0.481920000000	98
0.482560000000	89
0.483200000000	92
0.483840000000	107
0.484480000000	130
0.485120000000	152
0.485760000000	166
0.486400000000	167
0.487040000000	155
0.487680000000	134
0.488320000000	111
0.488960000000	94
0.489600000000	88
0.490240000000	96
0.490880000000	115
0.491520000000	138
0.492160000000	158
0.492800000000	168
0.493440000000	165
0.494080000000	149
0.494720000000	126
0.495360000000	104
0.496000000000	90
0.496640000000	89
0.497280000000	101
0.497920000000	122
0.498560000000	145
0.499200000000	162
0.499840000000	168
0.500480000000	160
0.501120000000	142
0.501760000000	118
0.502400000000	98
0.503040000000	89
0.503680000000	92
0.504320000000	107
0.504960000000	130
0.505600000000	152
0.506240000000	166
0.506880000000	167
0.507520000000	155
0.508160000000	134
0.508800000000	111
0.509440000000	94
0.510080000000	88
0.510720000000	96
0.511360000000	115
0.512000000000	138
0.512640000000	158
0.513280000000	168
0.513920000000	164
0.514560000000	149
0.515200000000	126
0.515840000000	104
0.516480000000	90
0.517120000000	89
0.517760000000	101
0.518400000000	122
0.519040000000	145
0.519680000000	162
0.520320000000	168
0.520960000000	160
0.521600000000	142
0.522240000000	118
0.522880000000	98
0.523520000000	89
0.524160000000	92
0.524800000000	107
0.525440000000	130
0.526080000000	152
0.526720000000	166
0.527360000000	167
0.528000000000	155
0.528640000000	134
0.529280000000	111
0.529920000000	94
0.530560000000	88
0.531200000000	96
0.531840000000	115
0.532480000000	138
0.533120000000	158
0.533760000000	168
0.534400000000	165
0.535040000000	149
0.535680000000	126
0.536320000000	104
0.536960000000	90
0.537600000000	89
0.538240000000	101
0.538880000000	122
0.539520000000	145
0.540160000000	162
0.540800000000	168
0.541440000000	160
0.542080000000	142
0.542720000000	118
0.543360000000	98
0.544000000000	89
0.544640000000	92
0.545280000000	107
0.545920000000	130
0.546560000000	152
0.547200000000	166
0.547840000000	167
0.548480000000	155
0.549120000000	134
0.549760000000	111
0.550400000000	94
0.551040000000	88
0.551680000000	96
0.552320000000	115
0.552960000000	138
0.553600000000	158
0.554240000000	168
0.554880000000	165
0.555520000000	149
0.556160000000	126
0.556800000000	104
0.557440000000	90
0.558080000000	89
0.558720000000	101
0.559360000000	122
0.560000000000	145
0.560640000000	163
0.561280000000	168
0.561920000000	160
0.562560000000	142
0.563200000000	118
0.563840000000	98
0.564480000000	89
0.565120000000	92
0.565760000000	108
0.566400000000	130
0.567040000000	152
0.567680000000	166
0.568320000000	167
0.568960000000	155
0.569600000000	134
0.570240000000	111
0.570880000000	94
0.571520000000	88
0.572160000000	96
0.572800000000	115
0.573440000000	138
0.574080000000	158
0.574720000000	168
0.575360000000	164
0.576000000000	149
0.576640000000	126
0.577280000000	104
0.577920000000	90
0.578560000000	89
0.579200000000	101
0.579840000000	122
0.580480000000	145
0.581120000000	162
0.581760000000	168
0.582400000000	160
0.583040000000	142
0.583680000000	118
0.584320000000	98
0.584960000000	89
0.585600000000	92
0.586240000000	108
0.586880000000	130
0.587520000000	152
0.588160000000	166
0.588800000000	167
0.589440000000	155
0.590080000000	134
0.590720000000	111
0.591360000000	94
0.592000000000	88
0.592640000000	96
0.593280000000	115
0.593920000000	138
0.594560000000	158
0.595200000000	168
0.595840000000	164
0.596480000000	149
0.597120000000	126
0.597760000000	104
0.598400000000	90
0.599040000000	89
0.599680000000	101
0.600320000000	122
0.600960000000	145
0.601600000000	162
0.602240000000	168
0.602880000000	160
0.603520000000	142
0.604160000000	118
0.604800000000	98
0.605440000000	89
0.606080000000	92
0.606720000000	107
0.607360000000	130
0.608000000000	152
0.608640000000	166
0.609280000000	167
0.609920000000	155
0.610560000000	134
0.611200000000	111
0.611840000000	94
0.612480000000	88
0.613120000000	96
0.613760000000	115
0.614400000000	138
0.615040000000	158
0.615680000000	168
0.616320000000	165
0.616960000000	149
0.617600000000	126
0.618240000000	104
0.618880000000	90
0.619520000000	89
0.620160000000	101
0.620800000000	122
0.621440000000	145
0.622080000000	162
0.622720000000	168
0.623360000000	160
0.624000000000	142
0.624640000000	119
0.625280000000	98
0.625920000000	89
0.626560000000	92
0.627200000000	107
0.627840000000	130
0.628480000000	152
0.629120000000	166
0.629760000000	167
0.630400000000	155
0.631040000000	134
0.631680000000	111
0.632320000000	94
0.632960000000	88
0.633600000000	96
0.634240000000	115
0.634880000000	138
0.635520000000	158
0.636160000000	168
0.636800000000	165
0.637440000000	149
0.638080000000	126
0.638720000000	104
0.639360000000	90
0.640000000000	89
0.640640000000	101
0.641280000000	122
0.641920000000	145
0.642560000000	163
0.643200000000	168
0.643840000000	160
0.644480000000	142
0.645120000000	118
0.645760000000	98
0.646400000000	89
0.647040000000	92
0.647680000000	107
0.648320000000	130
0.648960000000	152
0.649600000000	166
0.650240000000	167
0.650880000000	155
0.651520000000	134
0.652160000000	111
0.652800000000	94
0.653440000000	88
0.654080000000	96
0.654720000000	115
0.655360000000	138
