0.000000	126
0.000128	130
0.000256	138
0.000384	140
0.000512	125
0.000640	133
0.000768	129
0.000896	123
0.001024	134
0.001152	124
0.001280	127
0.001408	133
0.001536	122
0.001664	132
0.001792	129
0.001920	123
0.002048	134
0.002176	124
0.002304	127
0.002432	133
0.002560	122
0.002688	132
0.002816	129
0.002944	123
0.003072	134
0.003200	124
0.003328	127
0.003456	133
0.003584	122
0.003712	132
0.003840	129
0.003968	123
0.004096	134
0.004224	124
0.004352	128
0.004480	133
0.004608	122
0.004736	132
0.004864	129
0.004992	123
0.005120	134
0.005248	124
0.005376	128
0.005504	133
0.005632	122
0.005760	132
0.005888	129
0.006016	123
0.006144	134
0.006272	124
0.006400	128
0.006528	133
0.006656	122
0.006784	132
0.006912	129
0.007040	123
0.007168	134
0.007296	124
0.007424	128
0.007552	133
0.007680	122
0.007808	132
0.007936	129
0.008064	123
0.008192	134
0.008320	124
0.008448	128
0.008576	133
0.008704	122
0.008832	132
0.008960	129
0.009088	123
0.009216	134
0.009344	124
0.009472	128
0.009600	133
0.009728	122
0.009856	132
0.009984	129
0.010112	123
0.010240	134
0.010368	124
0.010496	128
0.010624	133
0.010752	122
0.010880	132
0.011008	129
0.011136	123
0.011264	134
0.011392	124
0.011520	128
0.011648	133
0.011776	122
0.011904	132
0.012032	129
0.012160	123
0.012288	134
0.012416	124
0.012544	128
0.012672	133
0.012800	122
0.012928	132
0.013056	129
0.013184	123
0.013312	134
0.013440	124
0.013568	128
0.013696	133
0.013824	122
0.013952	132
0.014080	129
0.014208	123
0.014336	134
0.014464	124
0.014592	128
0.014720	133
0.014848	122
0.014976	132
0.015104	129
0.015232	123
0.015360	134
0.015488	124
0.015616	128
0.015744	133
0.015872	122
0.016000	132
0.016128	129
0.016256	123
0.016384	134
0.016512	124
0.016640	128
0.016768	133
0.016896	122
0.017024	132
0.017152	129
0.017280	123
0.017408	134
0.017536	124
0.017664	128
0.017792	133
0.017920	122
0.018048	132
0.018176	129
0.018304	123
0.018432	134
0.018560	124
0.018688	128
0.018816	133
0.018944	122
0.019072	132
0.019200	129
0.019328	123
0.019456	134
0.019584	124
0.019712	128
0.019840	133
0.019968	122
0.020096	132
0.020224	129
0.020352	123
0.020480	134
0.020608	124
0.020736	128
0.020864	133
0.020992	122
0.021120	132
0.021248	129
0.021376	123
0.021504	134
0.021632	124
0.021760	128
0.021888	133
0.022016	122
0.022144	132
0.022272	129
0.022400	123
0.022528	134
0.022656	124
0.022784	128
0.022912	133
0.023040	122
0.023168	132
0.023296	129
0.023424	123
0.023552	134
0.023680	124
0.023808	128
0.023936	133
0.024064	122
0.024192	132
0.024320	129
0.024448	123
0.024576	134
0.024704	124
0.024832	128
0.024960	133
0.025088	122
0.025216	132
0.025344	129
0.025472	123
0.025600	134
0.025728	124
0.025856	128
0.025984	133
0.026112	122
0.026240	132
0.026368	129
0.026496	123
0.026624	134
0.026752	124
0.026880	128
0.027008	133
0.027136	122
0.027264	132
0.027392	129
0.027520	123
0.027648	134
0.027776	124
0.027904	128
0.028032	133
0.028160	122
0.028288	132
0.028416	129
0.028544	123
0.028672	134
0.028800	124
0.028928	128
0.029056	133
0.029184	122
0.029312	132
0.029440	128
0.029568	123
0.029696	134
0.029824	124
0.029952	128
0.030080	133
0.030208	122
0.030336	132
0.030464	128
0.030592	123
0.030720	134
0.030848	124
0.030976	128
0.031104	133
0.031232	122
0.031360	132
0.031488	128
0.031616	123
0.031744	134
0.031872	124
0.032000	128
0.032128	133
0.032256	122
0.032384	132
0.032512	128
0.032640	123
0.032768	134
0.032896	124
0.033024	128
0.033152	133
0.033280	122
0.033408	132
0.033536	128
0.033664	123
0.033792	134
0.033920	124
0.034048	128
0.034176	133
0.034304	122
0.034432	132
0.034560	128
0.034688	123
0.034816	134
0.034944	124
0.035072	128
0.035200	133
0.035328	122
0.035456	132
0.035584	128
0.035712	123
0.035840	134
0.035968	124
0.036096	128
0.036224	133
0.036352	122
0.036480	132
0.036608	128
0.036736	123
0.036864	134
0.036992	124
0.037120	128
0.037248	133
0.037376	122
0.037504	132
0.037632	128
0.037760	123
0.037888	134
0.038016	124
0.038144	128
0.038272	133
0.038400	122
0.038528	132
0.038656	128
0.038784	123
0.038912	134
0.039040	124
0.039168	128
0.039296	133
0.039424	122
0.039552	132
0.039680	128
0.039808	124
0.039936	134
0.040064	124
0.040192	128
0.040320	133
0.040448	122
0.040576	132
0.040704	128
0.040832	124
0.040960	134
0.041088	124
0.041216	128
0.041344	133
0.041472	122
0.041600	132
0.041728	128
0.041856	124
0.041984	134
0.042112	124
0.042240	128
0.042368	133
0.042496	122
0.042624	132
0.042752	128
0.042880	124
0.043008	134
0.043136	124
0.043264	128
0.043392	133
0.043520	122
0.043648	132
0.043776	128
0.043904	124
0.044032	134
0.044160	124
0.044288	128
0.044416	133
0.044544	122
0.044672	132
0.044800	128
0.044928	124
0.045056	134
0.045184	124
0.045312	128
0.045440	133
0.045568	122
0.045696	132
0.045824	128
0.045952	124
0.046080	134
0.046208	124
0.046336	128
0.046464	133
0.046592	122
0.046720	132
0.046848	128
0.046976	124
0.047104	134
0.047232	124
0.047360	128
0.047488	133
0.047616	122
0.047744	132
0.047872	128
0.048000	124
0.048128	134
0.048256	124
0.048384	128
0.048512	133
0.048640	122
0.048768	132
0.048896	128
0.049024	124
0.049152	134
0.049280	124
0.049408	128
0.049536	133
0.049664	122
0.049792	133
0.049920	128
0.050048	124
0.050176	134
0.050304	124
0.050432	128
0.050560	133
0.050688	122
0.050816	133
0.050944	128
0.051072	124
0.051200	134
0.051328	124
0.051456	128
0.051584	133
0.051712	122
0.051840	133
0.051968	128
0.052096	124
0.052224	134
0.052352	124
0.052480	128
0.052608	133
0.052736	122
0.052864	133
0.052992	128
0.053120	124
0.053248	134
0.053376	124
0.053504	128
0.053632	133
0.053760	122
0.053888	133
0.054016	128
0.054144	124
0.054272	134
0.054400	124
0.054528	128
0.054656	133
0.054784	122
0.054912	133
0.055040	128
0.055168	124
0.055296	134
0.055424	124
0.055552	128
0.055680	133
0.055808	122
0.055936	133
0.056064	128
0.056192	124
0.056320	134
0.056448	124
0.056576	128
0.056704	133
0.056832	122
0.056960	133
0.057088	128
0.057216	124
0.057344	134
0.057472	124
0.057600	128
0.057728	133
0.057856	122
0.057984	133
0.058112	128
0.058240	124
0.058368	134
0.058496	124
0.058624	128
0.058752	133
0.058880	122
0.059008	133
0.059136	128
0.059264	124
0.059392	134
0.059520	124
0.059648	128
0.059776	133
0.059904	122
0.060032	133
0.060160	128
0.060288	124
0.060416	134
0.060544	124
0.060672	128
0.060800	133
0.060928	122
0.061056	133
0.061184	128
0.061312	124
0.061440	134
0.061568	124
0.061696	128
0.061824	133
0.061952	122
0.062080	133
0.062208	128
0.062336	124
0.062464	134
0.062592	124
0.062720	128
0.062848	133
0.062976	122
0.063104	133
0.063232	128
0.063360	124
0.063488	134
0.063616	124
0.063744	128
0.063872	133
0.064000	122
0.064128	133
0.064256	128
0.064384	124
0.064512	134
0.064640	124
0.064768	128
0.064896	133
0.065024	122
0.065152	133
0.065280	128
0.065408	124
0.065536	134
0.065664	124
0.065792	128
0.065920	133
0.066048	122
0.066176	133
0.066304	128
0.066432	124
0.066560	134
0.066688	124
0.066816	128
0.066944	133
0.067072	122
0.067200	133
0.067328	128
0.067456	124
0.067584	134
0.067712	124
0.067840	128
0.067968	133
0.068096	122
0.068224	133
0.068352	128
0.068480	124
0.068608	134
0.068736	124
0.068864	128
0.068992	133
0.069120	122
0.069248	133
0.069376	128
0.069504	124
0.069632	134
0.069760	124
0.069888	128
0.070016	133
0.070144	122
0.070272	133
0.070400	128
0.070528	124
0.070656	134
0.070784	124
0.070912	128
0.071040	133
0.071168	122
0.071296	133
0.071424	128
0.071552	124
0.071680	134
0.071808	124
0.071936	128
0.072064	133
0.072192	122
0.072320	133
0.072448	128
0.072576	124
0.072704	134
0.072832	124
0.072960	128
0.073088	133
0.073216	122
0.073344	133
0.073472	128
0.073600	124
0.073728	134
0.073856	124
0.073984	128
0.074112	133
0.074240	122
0.074368	133
0.074496	128
0.074624	124
0.074752	134
0.074880	124
0.075008	128
0.075136	133
0.075264	122
0.075392	133
0.075520	128
0.075648	124
0.075776	134
0.075904	123
0.076032	128
0.076160	133
0.076288	122
0.076416	133
0.076544	128
0.076672	124
0.076800	134
0.076928	124
0.077056	128
0.077184	133
0.077312	122
0.077440	133
0.077568	128
0.077696	124
0.077824	134
0.077952	124
0.078080	128
0.078208	133
0.078336	122
0.078464	133
0.078592	128
0.078720	124
0.078848	134
0.078976	124
0.079104	128
0.079232	133
0.079360	122
0.079488	133
0.079616	128
0.079744	124
0.079872	134
0.080000	124
0.080128	128
0.080256	133
0.080384	122
0.080512	133
0.080640	128
0.080768	124
0.080896	134
0.081024	124
0.081152	128
0.081280	133
0.081408	122
0.081536	133
0.081664	128
0.081792	124
0.081920	134
0.082048	124
0.082176	128
0.082304	132
0.082432	122
0.082560	133
0.082688	128
0.082816	124
0.082944	134
0.083072	124
0.083200	128
0.083328	132
0.083456	122
0.083584	133
0.083712	128
0.083840	124
0.083968	134
0.084096	123
0.084224	128
0.084352	132
0.084480	122
0.084608	133
0.084736	128
0.084864	124
0.084992	134
0.085120	123
0.085248	128
0.085376	132
0.085504	122
0.085632	133
0.085760	128
0.085888	124
0.086016	134
0.086144	123
0.086272	128
0.086400	132
0.086528	122
0.086656	133
0.086784	128
0.086912	124
0.087040	134
0.087168	123
0.087296	128
0.087424	132
0.087552	122
0.087680	133
0.087808	128
0.087936	124
0.088064	134
0.088192	123
0.088320	128
0.088448	132
0.088576	122
0.088704	133
0.088832	128
0.088960	124
0.089088	134
0.089216	123
0.089344	128
0.089472	132
0.089600	122
0.089728	133
0.089856	128
0.089984	124
0.090112	134
0.090240	123
0.090368	128
0.090496	132
0.090624	122
0.090752	133
0.090880	128
0.091008	124
0.091136	134
0.091264	123
0.091392	128
0.091520	132
0.091648	122
0.091776	133
0.091904	128
0.092032	124
0.092160	134
0.092288	123
0.092416	128
0.092544	132
0.092672	122
0.092800	133
0.092928	128
0.093056	124
0.093184	134
0.093312	123
0.093440	128
0.093568	132
0.093696	122
0.093824	133
0.093952	128
0.094080	124
0.094208	134
0.094336	123
0.094464	128
0.094592	132
0.094720	122
0.094848	133
0.094976	128
0.095104	124
0.095232	134
0.095360	123
0.095488	128
0.095616	132
0.095744	122
0.095872	133
0.096000	128
0.096128	124
0.096256	134
0.096384	123
0.096512	128
0.096640	132
0.096768	122
0.096896	133
0.097024	128
0.097152	124
0.097280	134
0.097408	123
0.097536	128
0.097664	132
0.097792	122
0.097920	133
0.098048	128
0.098176	124
0.098304	134
0.098432	123
0.098560	128
0.098688	132
0.098816	122
0.098944	133
0.099072	128
0.099200	124
0.099328	134
0.099456	123
0.099584	128
0.099712	132
0.099840	122
0.099968	133
0.100096	128
0.100224	124
0.100352	134
0.100480	123
0.100608	128
0.100736	132
0.100864	122
0.100992	133
0.101120	128
0.101248	124
0.101376	134
0.101504	123
0.101632	128
0.101760	132
0.101888	122
0.102016	133
0.102144	128
0.102272	124
0.102400	134
0.102528	123
0.102656	129
0.102784	132
0.102912	122
0.103040	133
0.103168	128
0.103296	124
0.103424	134
0.103552	123
0.103680	129
0.103808	132
0.103936	122
0.104064	133
0.104192	128
0.104320	124
0.104448	134
0.104576	123
0.104704	129
0.104832	132
0.104960	122
0.105088	133
0.105216	128
0.105344	124
0.105472	134
0.105600	123
0.105728	129
0.105856	132
0.105984	122
0.106112	133
0.106240	128
0.106368	124
0.106496	134
0.106624	123
0.106752	129
0.106880	132
0.107008	122
0.107136	133
0.107264	128
0.107392	124
0.107520	134
0.107648	123
0.107776	129
0.107904	132
0.108032	122
0.108160	133
0.108288	128
0.108416	124
0.108544	134
0.108672	123
0.108800	129
0.108928	132
0.109056	122
0.109184	133
0.109312	128
0.109440	124
0.109568	134
0.109696	123
0.109824	129
0.109952	132
0.110080	122
0.110208	133
0.110336	128
0.110464	124
0.110592	134
0.110720	123
0.110848	129
0.110976	132
0.111104	122
0.111232	133
0.111360	128
0.111488	124
0.111616	134
0.111744	123
0.111872	129
0.112000	132
0.112128	122
0.112256	133
0.112384	128
0.112512	124
0.112640	134
0.112768	123
0.112896	129
0.113024	132
0.113152	122
0.113280	133
0.113408	128
0.113536	124
0.113664	134
0.113792	123
0.113920	129
0.114048	132
0.114176	122
0.114304	133
0.114432	128
0.114560	124
0.114688	134
0.114816	123
0.114944	129
0.115072	132
0.115200	122
0.115328	133
0.115456	128
0.115584	124
0.115712	134
0.115840	123
0.115968	129
0.116096	132
0.116224	122
0.116352	133
0.116480	128
0.116608	124
0.116736	134
0.116864	123
0.116992	129
0.117120	132
0.117248	122
0.117376	133
0.117504	128
0.117632	124
0.117760	134
0.117888	123
0.118016	129
0.118144	132
0.118272	122
0.118400	133
0.118528	128
0.118656	124
0.118784	134
0.118912	123
0.119040	129
0.119168	132
0.119296	122
0.119424	133
0.119552	128
0.119680	124
0.119808	134
0.119936	123
0.120064	129
0.120192	132
0.120320	122
0.120448	133
0.120576	128
0.120704	124
0.120832	134
0.120960	123
0.121088	129
0.121216	132
0.121344	122
0.121472	133
0.121600	128
0.121728	124
0.121856	134
0.121984	123
0.122112	129
0.122240	132
0.122368	122
0.122496	133
0.122624	128
0.122752	124
0.122880	134
0.123008	123
0.123136	129
0.123264	132
0.123392	122
0.123520	133
0.123648	128
0.123776	124
0.123904	134
0.124032	123
0.124160	129
0.124288	132
0.124416	122
0.124544	133
0.124672	128
0.124800	124
0.124928	134
0.125056	123
0.125184	129
0.125312	132
0.125440	122
0.125568	133
0.125696	127
0.125824	124
0.125952	134
0.126080	123
0.126208	129
0.126336	132
0.126464	122
0.126592	133
0.126720	127
0.126848	124
0.126976	134
0.127104	123
0.127232	129
0.127360	132
0.127488	122
0.127616	133
0.127744	127
0.127872	124
0.128000	134
0.128128	123
0.128256	129
0.128384	132
0.128512	122
0.128640	133
0.128768	127
0.128896	124
0.129024	134
0.129152	123
0.129280	129
0.129408	132
0.129536	122
0.129664	133
0.129792	127
0.129920	124
0.130048	134
0.130176	123
0.130304	129
0.130432	132
0.130560	122
0.130688	133
0.130816	127
0.130944	124
0.131072	134
